id,type,app,module,message,DES.src,DES.dst,TOPO.src,TOPO.dst,module.src,service,time_in,time_out,time_emit,time_reception
1,COMP_M,5,5_5,M.USER.APP.5,9,26,44,3,None,83.83908045977012,208.00004153295998,291.8391219927301,200.0,208.00004153295998
2,COMP_M,6,6_6,M.USER.APP.6,11,27,51,9,None,74.50383141762453,270.00013761136,344.50396902898456,259.0,270.00013761136
3,COMP_M,4,4_4,M.USER.APP.4,8,25,20,9,None,44.582375478927204,286.00017669500005,330.58255217392724,277.0,286.00017669500005
4,COMP_M,9,9_9,M.USER.APP.9,16,33,42,33,None,39.42358604091456,319.00007810375996,358.4236641446745,312.0,319.00007810375996
5,COMP_M,3,3_3,M.USER.APP.3,7,24,22,56,None,70.10068965517242,344.00009541287994,414.10078506805235,333.0,344.00009541287994
6,COMP_M,0,0_0,M.USER.APP.0,0,17,44,13,None,103.45951035781545,344.00011363356003,447.45962399137545,336.0,344.00011363356003
7,COMP_M,6,6_6,M.USER.APP.6,12,28,20,31,None,55.958273381294966,356.00013761136,411.958410992655,347.0,356.00013761136
8,COMP_M,1,1_1,M.USER.APP.1,3,18,44,26,None,61.2088122605364,373.00016591184004,434.2089781723764,362.0,373.00016591184004
9,COMP_M,8,8_8,M.USER.APP.8,15,32,41,9,None,96.72030651340997,376.00011238679997,472.72041890020995,366.0,376.00011238679997
10,COMP_M,2,2_2,M.USER.APP.2,6,23,44,3,None,39.87547892720306,377.00010113586666,416.8755800630697,369.0,377.00010113586666
11,COMP_M,1,1_1,M.USER.APP.1,1,19,41,38,None,32.63636363636363,414.00011060789336,446.636474244257,408.0,414.00011060789336
12,COMP_M,6,6_6,M.USER.APP.6,13,30,22,33,None,46.80024067388688,484.00009174090667,530.8003324147935,477.0,484.00009174090667
13,COMP_M,2,2_2,M.USER.APP.2,5,22,41,4,None,37.64014466546112,503.00010113586666,540.6402458013278,498.0,503.00010113586666
14,COMP_M,5,5_5,M.USER.APP.5,9,26,44,3,None,83.83908045977012,524.00004153296,607.8391219927302,516.0,524.00004153296
15,COMP_M,1,1_1,M.USER.APP.1,2,18,42,26,None,61.2088122605364,614.0001106078932,675.2089228684297,608.0,614.0001106078932
16,COMP_M,1,1_1,M.USER.APP.1,4,20,20,38,None,32.63636363636363,625.0001659118399,657.6365295482035,616.0,625.0001659118399
17,COMP_M,6,6_6,M.USER.APP.6,11,29,51,31,None,55.958273381294966,679.0001376113598,734.9584109926548,668.0,679.0001376113598
18,COMP_M,6,6_6,M.USER.APP.6,10,27,44,9,None,74.50383141762453,703.0000917409066,777.503923158531,693.0,703.0000917409066
19,COMP_M,4,4_4,M.USER.APP.4,8,25,20,9,None,44.582375478927204,724.000176695,768.5825521739273,715.0,724.000176695
20,COMP_M,7,7_7,M.USER.APP.7,14,31,20,58,None,82.82949308755761,729.0001561244001,811.8296492119576,719.0,729.0001561244001
21,COMP_M,5,5_5,M.USER.APP.5,9,26,44,3,None,83.83908045977012,756.00004153296,839.8391219927302,748.0,756.00004153296
22,COMP_M,9,9_9,M.USER.APP.9,16,33,42,33,None,39.42358604091456,812.00007810376,851.4236641446745,805.0,812.00007810376
23,COMP_M,3,3_3,M.USER.APP.3,7,24,22,56,None,70.10068965517242,870.0000954128801,940.1007850680526,859.0,870.0000954128801
24,COMP_M,0,0_0,M.USER.APP.0,0,17,44,13,None,103.45951035781545,875.0001136335599,978.4596239913753,867.0,875.0001136335599
25,COMP_M,6,6_6,M.USER.APP.6,12,27,20,9,None,74.50383141762453,904.0001376113598,978.5039690289843,895.0,904.0001376113598
26,COMP_M,1,1_1,M.USER.APP.1,3,21,44,38,None,32.63636363636363,945.0001659118399,977.6365295482035,934.0,945.0001659118399
27,COMP_M,8,8_8,M.USER.APP.8,15,32,41,9,None,96.72030651340997,953.0001123868001,1049.72041890021,943.0,953.0001123868001
28,COMP_M,5,5_5,M.USER.APP.5,9,26,44,3,None,83.83908045977012,954.00004153296,1037.8391219927303,946.0,954.00004153296
29,COMP_M,2,2_2,M.USER.APP.2,6,23,44,3,None,39.87547892720306,959.0001011358668,998.8755800630698,951.0,959.0001011358668
30,COMP_M,6,6_6,M.USER.APP.6,11,27,51,9,None,74.50383141762453,979.0001376113598,1053.5039690289843,968.0,979.0001376113598
31,COMP_M,4,4_4,M.USER.APP.4,8,25,20,9,None,44.582375478927204,1046.0001766949997,1090.5825521739268,1037.0,1046.0001766949997
32,COMP_M,1,1_1,M.USER.APP.1,1,19,41,38,None,32.63636363636363,1058.0001106078935,1090.6364742442572,1052.0,1058.0001106078935
33,COMP_M,5,5_5,M.USER.APP.5,9,26,44,3,None,83.83908045977012,1092.00004153296,1175.8391219927303,1084.0,1092.00004153296
34,COMP_M,9,9_9,M.USER.APP.9,16,33,42,33,None,39.42358604091456,1174.0000781037602,1213.4236641446748,1167.0,1174.0000781037602
35,COMP_M,6,6_6,M.USER.APP.6,11,27,51,9,None,74.50383141762453,1235.0001376113598,1309.5039690289843,1224.0,1235.0001376113598
36,COMP_M,6,6_6,M.USER.APP.6,13,30,22,33,None,46.80024067388688,1237.0000917409066,1283.8003324147935,1230.0,1237.0000917409066
37,COMP_M,3,3_3,M.USER.APP.3,7,24,22,56,None,70.10068965517242,1256.0000954128798,1326.1007850680521,1245.0,1256.0000954128798
38,COMP_M,0,0_0,M.USER.APP.0,0,17,44,13,None,103.45951035781545,1265.0001136335602,1368.4596239913756,1257.0,1265.0001136335602
39,COMP_M,2,2_2,M.USER.APP.2,5,22,41,4,None,37.64014466546112,1289.0001011358668,1326.6402458013279,1284.0,1289.0001011358668
40,COMP_M,6,6_6,M.USER.APP.6,12,27,20,9,None,74.50383141762453,1309.5039690289843,1384.0078004466088,1298.0,1307.0001376113598
41,COMP_M,4,4_4,M.USER.APP.4,8,25,20,9,None,44.582375478927204,1320.0001766949997,1364.5825521739268,1311.0,1320.0001766949997
42,COMP_M,5,5_5,M.USER.APP.5,9,26,44,3,None,83.83908045977012,1353.00004153296,1436.8391219927303,1345.0,1353.00004153296
43,COMP_M,1,1_1,M.USER.APP.1,3,18,44,26,None,61.2088122605364,1365.0001659118402,1426.2089781723766,1354.0,1365.0001659118402
44,COMP_M,8,8_8,M.USER.APP.8,15,32,41,9,None,96.72030651340997,1377.0001123868,1473.72041890021,1367.0,1377.0001123868
45,COMP_M,2,2_2,M.USER.APP.2,6,23,44,3,None,39.87547892720306,1387.0001011358668,1426.8755800630697,1379.0,1387.0001011358668
46,COMP_M,6,6_6,M.USER.APP.6,11,27,51,9,None,74.50383141762453,1414.0001376113598,1488.5039690289843,1403.0,1414.0001376113598
47,COMP_M,9,9_9,M.USER.APP.9,16,33,42,33,None,39.42358604091456,1483.0000781037602,1522.4236641446748,1476.0,1483.0000781037602
48,COMP_M,5,5_5,M.USER.APP.5,9,26,44,3,None,83.83908045977012,1498.00004153296,1581.8391219927303,1490.0,1498.00004153296
49,COMP_M,4,4_4,M.USER.APP.4,8,25,20,9,None,44.582375478927204,1512.0001766949997,1556.5825521739268,1503.0,1512.0001766949997
50,COMP_M,1,1_1,M.USER.APP.1,1,19,41,38,None,32.63636363636363,1531.0001106078935,1563.6364742442572,1525.0,1531.0001106078935
51,COMP_M,1,1_1,M.USER.APP.1,2,18,42,26,None,61.2088122605364,1574.0001106078935,1635.20892286843,1568.0,1574.0001106078935
52,COMP_M,3,3_3,M.USER.APP.3,7,24,22,56,None,70.10068965517242,1585.0000954128798,1655.1007850680521,1574.0,1585.0000954128798
54,COMP_M,0,0_0,M.USER.APP.0,0,17,44,13,None,103.45951035781545,1597.0001136335602,1700.4596239913756,1589.0,1597.0001136335602
53,COMP_M,1,1_1,M.USER.APP.1,4,18,20,26,None,61.2088122605364,1635.20892286843,1696.4177351289663,1588.0,1597.0001659118402
55,COMP_M,6,6_6,M.USER.APP.6,12,27,20,9,None,74.50383141762453,1651.0001376113598,1725.5039690289843,1642.0,1651.0001376113598
56,COMP_M,9,9_9,M.USER.APP.9,16,33,42,33,None,39.42358604091456,1699.0000781037602,1738.4236641446748,1692.0,1699.0000781037602
57,COMP_M,1,1_1,M.USER.APP.1,3,18,44,26,None,61.2088122605364,1723.0001659118402,1784.2089781723766,1712.0,1723.0001659118402
58,COMP_M,8,8_8,M.USER.APP.8,15,32,41,9,None,96.72030651340997,1739.0001123868,1835.72041890021,1729.0,1739.0001123868
60,COMP_M,2,2_2,M.USER.APP.2,6,23,44,3,None,39.87547892720306,1752.0001011358668,1791.8755800630697,1744.0,1752.0001011358668
59,COMP_M,6,6_6,M.USER.APP.6,11,27,51,9,None,74.50383141762453,1752.0001376113598,1826.5039690289843,1741.0,1752.0001376113598
61,COMP_M,6,6_6,M.USER.APP.6,13,30,22,33,None,46.80024067388688,1790.0000917409066,1836.8003324147935,1783.0,1790.0000917409066
63,COMP_M,3,3_3,M.USER.APP.3,7,24,22,56,None,70.10068965517242,1815.0000954128798,1885.1007850680521,1804.0,1815.0000954128798
62,COMP_M,6,6_6,M.USER.APP.6,10,27,44,9,None,74.50383141762453,1826.5039690289843,1901.0078004466088,1786.0,1796.0000917409066
64,COMP_M,0,0_0,M.USER.APP.0,0,17,44,13,None,103.45951035781545,1830.0001136335602,1933.4596239913756,1822.0,1830.0001136335602
65,COMP_M,7,7_7,M.USER.APP.7,14,31,20,58,None,82.82949308755761,1864.0001561244,1946.8296492119578,1854.0,1864.0001561244
66,COMP_M,2,2_2,M.USER.APP.2,5,22,41,4,None,37.64014466546112,1866.0001011358668,1903.6402458013279,1861.0,1866.0001011358668
67,COMP_M,4,4_4,M.USER.APP.4,8,25,20,9,None,44.582375478927204,1874.0001766949997,1918.5825521739268,1865.0,1874.0001766949997
68,COMP_M,6,6_6,M.USER.APP.6,12,27,20,9,None,74.50383141762453,1901.0078004466088,1975.5116318642333,1882.0,1891.0001376113598
69,COMP_M,1,1_1,M.USER.APP.1,1,19,41,38,None,32.63636363636363,1934.0001106078935,1966.6364742442572,1928.0,1934.0001106078935
71,COMP_M,1,1_1,M.USER.APP.1,3,18,44,26,None,61.2088122605364,1974.0001659118402,2035.2089781723766,1963.0,1974.0001659118402
70,COMP_M,6,6_6,M.USER.APP.6,11,27,51,9,None,74.50383141762453,1975.5116318642333,2050.015463281858,1928.0,1939.0001376113598
72,COMP_M,8,8_8,M.USER.APP.8,15,32,41,9,None,96.72030651340997,1992.0001123868,2088.72041890021,1982.0,1992.0001123868
73,COMP_M,2,2_2,M.USER.APP.2,6,23,44,3,None,39.87547892720306,2007.0001011358668,2046.8755800630697,1999.0,2007.0001011358668
74,COMP_M,5,5_5,M.USER.APP.5,9,26,44,3,None,83.83908045977012,2058.0000415329596,2141.83912199273,2050.0,2058.0000415329596
75,COMP_M,4,4_4,M.USER.APP.4,8,25,20,9,None,44.582375478927204,2074.0001766950004,2118.5825521739275,2065.0,2074.0001766950004
76,COMP_M,9,9_9,M.USER.APP.9,16,33,42,33,None,39.42358604091456,2106.0000781037597,2145.423664144674,2099.0,2106.0000781037597
77,COMP_M,1,1_1,M.USER.APP.1,1,19,41,38,None,32.63636363636363,2216.0001106078935,2248.636474244257,2210.0,2216.0001106078935
78,COMP_M,3,3_3,M.USER.APP.3,7,24,22,56,None,70.10068965517242,2249.0000954128805,2319.100785068053,2238.0,2249.0000954128805
79,COMP_M,6,6_6,M.USER.APP.6,13,30,22,33,None,46.80024067388688,2262.000091740907,2308.800332414794,2255.0,2262.000091740907
80,COMP_M,0,0_0,M.USER.APP.0,0,17,44,13,None,103.45951035781545,2269.0001136335595,2372.459623991375,2261.0,2269.0001136335595
81,COMP_M,1,1_1,M.USER.APP.1,2,18,42,26,None,61.2088122605364,2280.0001106078935,2341.20892286843,2274.0,2280.0001106078935
83,COMP_M,9,9_9,M.USER.APP.9,16,33,42,33,None,39.42358604091456,2332.0000781037597,2371.423664144674,2325.0,2332.0000781037597
82,COMP_M,1,1_1,M.USER.APP.1,4,18,20,26,None,61.2088122605364,2341.20892286843,2402.4177351289663,2302.0,2311.00016591184
84,COMP_M,6,6_6,M.USER.APP.6,12,27,20,9,None,74.50383141762453,2344.0001376113605,2418.503969028985,2335.0,2344.0001376113605
85,COMP_M,2,2_2,M.USER.APP.2,5,22,41,4,None,37.64014466546112,2358.0001011358663,2395.6402458013276,2353.0,2358.0001011358663
86,COMP_M,1,1_1,M.USER.APP.1,3,18,44,26,None,61.2088122605364,2447.00016591184,2508.2089781723766,2436.0,2447.00016591184
87,COMP_M,8,8_8,M.USER.APP.8,15,32,41,9,None,96.72030651340997,2469.0001123867996,2565.7204189002096,2459.0,2469.0001123867996
89,COMP_M,2,2_2,M.USER.APP.2,6,23,44,3,None,39.87547892720306,2488.0001011358663,2527.8755800630693,2480.0,2488.0001011358663
88,COMP_M,3,3_3,M.USER.APP.3,7,24,22,56,None,70.10068965517242,2490.0000954128805,2560.100785068053,2479.0,2490.0000954128805
90,COMP_M,0,0_0,M.USER.APP.0,0,17,44,13,None,103.45951035781545,2512.0001136335595,2615.459623991375,2504.0,2512.0001136335595
91,COMP_M,6,6_6,M.USER.APP.6,13,30,22,33,None,46.80024067388688,2592.000091740907,2638.800332414794,2585.0,2592.000091740907
92,COMP_M,6,6_6,M.USER.APP.6,12,27,20,9,None,74.50383141762453,2595.0001376113605,2669.503969028985,2586.0,2595.0001376113605
93,COMP_M,6,6_6,M.USER.APP.6,10,27,44,9,None,74.50383141762453,2669.503969028985,2744.0078004466095,2590.0,2600.000091740907
95,COMP_M,7,7_7,M.USER.APP.7,14,31,20,58,None,82.82949308755761,2698.0001561243994,2780.829649211957,2688.0,2698.0001561243994
96,COMP_M,2,2_2,M.USER.APP.2,5,22,41,4,None,37.64014466546112,2702.0001011358663,2739.6402458013276,2697.0,2702.0001011358663
97,COMP_M,1,1_1,M.USER.APP.1,3,18,44,26,None,61.2088122605364,2709.00016591184,2770.2089781723766,2698.0,2709.00016591184
98,COMP_M,8,8_8,M.USER.APP.8,15,32,41,9,None,96.72030651340997,2733.0001123867996,2829.7204189002096,2723.0,2733.0001123867996
94,COMP_M,6,6_6,M.USER.APP.6,11,27,51,9,None,74.50383141762453,2744.0078004466095,2818.511631864234,2652.0,2663.0001376113605
99,COMP_M,1,1_1,M.USER.APP.1,1,19,41,38,None,32.63636363636363,2748.0001106078935,2780.636474244257,2742.0,2748.0001106078935
100,COMP_M,2,2_2,M.USER.APP.2,6,23,44,3,None,39.87547892720306,2755.0001011358663,2794.8755800630693,2747.0,2755.0001011358663
101,COMP_M,4,4_4,M.USER.APP.4,8,25,20,9,None,44.582375478927204,2850.0001766950004,2894.5825521739275,2841.0,2850.0001766950004
102,COMP_M,1,1_1,M.USER.APP.1,2,18,42,26,None,61.2088122605364,2882.0001106078935,2943.20892286843,2876.0,2882.0001106078935
103,COMP_M,5,5_5,M.USER.APP.5,9,26,44,3,None,83.83908045977012,2893.0000415329596,2976.83912199273,2885.0,2893.0000415329596
104,COMP_M,1,1_1,M.USER.APP.1,4,18,20,26,None,61.2088122605364,2943.20892286843,3004.4177351289663,2911.0,2920.00016591184
105,COMP_M,5,5_5,M.USER.APP.5,9,26,44,3,None,83.83908045977012,3014.0000415329596,3097.83912199273,3006.0,3014.0000415329596
106,COMP_M,1,1_1,M.USER.APP.1,1,19,41,38,None,32.63636363636363,3043.0001106078935,3075.636474244257,3037.0,3043.0001106078935
107,COMP_M,9,9_9,M.USER.APP.9,16,33,42,33,None,39.42358604091456,3205.0000781037597,3244.423664144674,3198.0,3205.0000781037597
108,COMP_M,6,6_6,M.USER.APP.6,13,30,22,33,None,46.80024067388688,3214.000091740907,3260.800332414794,3207.0,3214.000091740907
109,COMP_M,6,6_6,M.USER.APP.6,10,27,44,9,None,74.50383141762453,3285.000091740907,3359.5039231585315,3275.0,3285.000091740907
110,COMP_M,1,1_1,M.USER.APP.1,2,18,42,26,None,61.2088122605364,3303.0001106078935,3364.20892286843,3297.0,3303.0001106078935
112,COMP_M,2,2_2,M.USER.APP.2,5,22,41,4,None,37.64014466546112,3351.0001011358663,3388.6402458013276,3346.0,3351.0001011358663
111,COMP_M,1,1_1,M.USER.APP.1,4,18,20,26,None,61.2088122605364,3364.20892286843,3425.4177351289663,3337.0,3346.00016591184
114,COMP_M,5,5_5,M.USER.APP.5,9,26,44,3,None,83.83908045977012,3409.0000415329596,3492.83912199273,3401.0,3409.0000415329596
113,COMP_M,7,7_7,M.USER.APP.7,14,31,20,58,None,82.82949308755761,3409.0001561243994,3491.829649211957,3399.0,3409.0001561243994
115,COMP_M,3,3_3,M.USER.APP.3,7,24,22,56,None,70.10068965517242,3421.0000954128805,3491.100785068053,3410.0,3421.0000954128805
116,COMP_M,0,0_0,M.USER.APP.0,0,17,44,13,None,103.45951035781545,3452.0001136335595,3555.459623991375,3444.0,3452.0001136335595
117,COMP_M,6,6_6,M.USER.APP.6,13,30,22,33,None,46.80024067388688,3559.000091740907,3605.800332414794,3552.0,3559.000091740907
118,COMP_M,6,6_6,M.USER.APP.6,12,27,20,9,None,74.50383141762453,3566.0001376113605,3640.503969028985,3557.0,3566.0001376113605
119,COMP_M,5,5_5,M.USER.APP.5,9,26,44,3,None,83.83908045977012,3598.0000415329596,3681.83912199273,3590.0,3598.0000415329596
120,COMP_M,2,2_2,M.USER.APP.2,5,22,41,4,None,37.64014466546112,3711.0001011358663,3748.6402458013276,3706.0,3711.0001011358663
121,COMP_M,1,1_1,M.USER.APP.1,3,18,44,26,None,61.2088122605364,3722.00016591184,3783.2089781723766,3711.0,3722.00016591184
122,COMP_M,6,6_6,M.USER.APP.6,11,27,51,9,None,74.50383141762453,3743.0001376113605,3817.503969028985,3732.0,3743.0001376113605
123,COMP_M,8,8_8,M.USER.APP.8,15,32,41,9,None,96.72030651340997,3755.0001123867996,3851.7204189002096,3745.0,3755.0001123867996
125,COMP_M,2,2_2,M.USER.APP.2,6,23,44,3,None,39.87547892720306,3786.0001011358663,3825.8755800630693,3778.0,3786.0001011358663
126,COMP_M,5,5_5,M.USER.APP.5,9,26,44,3,None,83.83908045977012,3809.0000415329596,3892.83912199273,3801.0,3809.0000415329596
124,COMP_M,6,6_6,M.USER.APP.6,10,27,44,9,None,74.50383141762453,3817.503969028985,3892.0078004466095,3754.0,3764.000091740907
127,COMP_M,6,6_6,M.USER.APP.6,11,27,51,9,None,74.50383141762453,3900.0001376113605,3974.503969028985,3889.0,3900.0001376113605
128,COMP_M,7,7_7,M.USER.APP.7,14,31,20,58,None,82.82949308755761,3907.0001561243994,3989.829649211957,3897.0,3907.0001561243994
129,COMP_M,4,4_4,M.USER.APP.4,8,25,20,9,None,44.582375478927204,4006.0001766950004,4050.5825521739275,3997.0,4006.0001766950004
130,COMP_M,1,1_1,M.USER.APP.1,2,18,42,26,None,61.2088122605364,4097.0001106078935,4158.20892286843,4091.0,4097.0001106078935
131,COMP_M,1,1_1,M.USER.APP.1,4,18,20,26,None,61.2088122605364,4158.20892286843,4219.417735128966,4140.0,4149.000165911839
132,COMP_M,4,4_4,M.USER.APP.4,8,25,20,9,None,44.582375478927204,4174.000176694999,4218.582552173926,4165.0,4174.000176694999
133,COMP_M,1,1_1,M.USER.APP.1,1,19,41,38,None,32.63636363636363,4183.000110607893,4215.6364742442565,4177.0,4183.000110607893
134,COMP_M,6,6_6,M.USER.APP.6,11,27,51,9,None,74.50383141762453,4411.0001376113605,4485.503969028985,4400.0,4411.0001376113605
135,COMP_M,5,5_5,M.USER.APP.5,9,26,44,3,None,83.83908045977012,4463.00004153296,4546.83912199273,4455.0,4463.00004153296
138,COMP_M,9,9_9,M.USER.APP.9,16,33,42,33,None,39.42358604091456,4507.00007810376,4546.423664144674,4500.0,4507.00007810376
140,COMP_M,1,1_1,M.USER.APP.1,2,18,42,26,None,61.2088122605364,4537.000110607893,4598.208922868429,4531.0,4537.000110607893
136,COMP_M,5,5_5,M.USER.APP.5,9,26,44,3,None,83.83908045977012,4546.83912199273,4630.6782024525,4473.0,4481.00004153296
141,COMP_M,1,1_1,M.USER.APP.1,4,18,20,26,None,61.2088122605364,4598.208922868429,4659.417735128965,4585.0,4594.000165911839
137,COMP_M,5,5_5,M.USER.APP.5,9,26,44,3,None,83.83908045977012,4630.6782024525,4714.51728291227,4495.0,4503.00004153296
142,COMP_M,6,6_6,M.USER.APP.6,11,27,51,9,None,74.50383141762453,4656.0001376113605,4730.503969028985,4645.0,4656.0001376113605
144,COMP_M,9,9_9,M.USER.APP.9,16,33,42,33,None,39.42358604091456,4697.00007810376,4736.423664144674,4690.0,4697.00007810376
139,COMP_M,5,5_5,M.USER.APP.5,9,26,44,3,None,83.83908045977012,4714.51728291227,4798.3563633720405,4500.0,4508.00004153296
145,COMP_M,4,4_4,M.USER.APP.4,8,25,20,9,None,44.582375478927204,4721.000176694999,4765.582552173926,4712.0,4721.000176694999
143,COMP_M,6,6_6,M.USER.APP.6,10,27,44,9,None,74.50383141762453,4730.503969028985,4805.0078004466095,4658.0,4668.000091740907
146,COMP_M,3,3_3,M.USER.APP.3,7,24,22,56,None,70.10068965517242,4809.000095412879,4879.100785068052,4798.0,4809.000095412879
147,COMP_M,7,7_7,M.USER.APP.7,14,31,20,58,None,82.82949308755761,4845.000156124401,4927.829649211958,4835.0,4845.000156124401
148,COMP_M,0,0_0,M.USER.APP.0,0,17,44,13,None,103.45951035781545,4854.0001136335595,4957.459623991375,4846.0,4854.0001136335595
149,COMP_M,6,6_6,M.USER.APP.6,13,30,22,33,None,46.80024067388688,4893.000091740907,4939.800332414794,4886.0,4893.000091740907
150,COMP_M,6,6_6,M.USER.APP.6,11,27,51,9,None,74.50383141762453,4929.0001376113605,5003.503969028985,4918.0,4929.0001376113605
151,COMP_M,5,5_5,M.USER.APP.5,9,26,44,3,None,83.83908045977012,4958.00004153296,5041.83912199273,4950.0,4958.00004153296
152,COMP_M,4,4_4,M.USER.APP.4,8,25,20,9,None,44.582375478927204,4983.000176694999,5027.582552173926,4974.0,4983.000176694999
153,COMP_M,3,3_3,M.USER.APP.3,7,24,22,56,None,70.10068965517242,5011.000095412879,5081.100785068052,5000.0,5011.000095412879
154,COMP_M,6,6_6,M.USER.APP.6,12,27,20,9,None,74.50383141762453,5014.0001376113605,5088.503969028985,5005.0,5014.0001376113605
155,COMP_M,0,0_0,M.USER.APP.0,0,17,44,13,None,103.45951035781545,5058.0001136335595,5161.459623991375,5050.0,5058.0001136335595
156,COMP_M,2,2_2,M.USER.APP.2,5,22,41,4,None,37.64014466546112,5102.000101135867,5139.640245801328,5097.0,5102.000101135867
157,COMP_M,6,6_6,M.USER.APP.6,10,27,44,9,None,74.50383141762453,5169.000091740907,5243.5039231585315,5159.0,5169.000091740907
159,COMP_M,1,1_1,M.USER.APP.1,3,18,44,26,None,61.2088122605364,5233.000165911839,5294.208978172375,5222.0,5233.000165911839
158,COMP_M,6,6_6,M.USER.APP.6,12,27,20,9,None,74.50383141762453,5243.5039231585315,5318.007754576156,5216.0,5225.0001376113605
160,COMP_M,4,4_4,M.USER.APP.4,8,25,20,9,None,44.582375478927204,5275.000176694999,5319.582552173926,5266.0,5275.000176694999
161,COMP_M,8,8_8,M.USER.APP.8,15,32,41,9,None,96.72030651340997,5279.0001123868005,5375.7204189002105,5269.0,5279.0001123868005
162,COMP_M,9,9_9,M.USER.APP.9,16,33,42,33,None,39.42358604091456,5313.00007810376,5352.423664144674,5306.0,5313.00007810376
163,COMP_M,2,2_2,M.USER.APP.2,6,23,44,3,None,39.87547892720306,5324.000101135867,5363.875580063071,5316.0,5324.000101135867
164,COMP_M,5,5_5,M.USER.APP.5,9,26,44,3,None,83.83908045977012,5337.00004153296,5420.83912199273,5329.0,5337.00004153296
165,COMP_M,7,7_7,M.USER.APP.7,14,31,20,58,None,82.82949308755761,5365.000156124401,5447.829649211958,5355.0,5365.000156124401
166,COMP_M,1,1_1,M.USER.APP.1,3,18,44,26,None,61.2088122605364,5453.000165911839,5514.208978172375,5442.0,5453.000165911839
167,COMP_M,8,8_8,M.USER.APP.8,15,32,41,9,None,96.72030651340997,5501.0001123868005,5597.7204189002105,5491.0,5501.0001123868005
168,COMP_M,2,2_2,M.USER.APP.2,6,23,44,3,None,39.87547892720306,5548.000101135867,5587.875580063071,5540.0,5548.000101135867
169,COMP_M,9,9_9,M.USER.APP.9,16,33,42,33,None,39.42358604091456,5608.00007810376,5647.423664144674,5601.0,5608.00007810376
170,COMP_M,3,3_3,M.USER.APP.3,7,24,22,56,None,70.10068965517242,5668.000095412879,5738.100785068052,5657.0,5668.000095412879
171,COMP_M,0,0_0,M.USER.APP.0,0,17,44,13,None,103.45951035781545,5721.0001136335595,5824.459623991375,5713.0,5721.0001136335595
172,COMP_M,6,6_6,M.USER.APP.6,11,27,51,9,None,74.50383141762453,5776.0001376113605,5850.503969028985,5765.0,5776.0001376113605
173,COMP_M,6,6_6,M.USER.APP.6,11,27,51,9,None,74.50383141762453,5850.503969028985,5925.0078004466095,5789.0,5800.0001376113605
176,COMP_M,5,5_5,M.USER.APP.5,9,26,44,3,None,83.83908045977012,5851.00004153296,5934.83912199273,5843.0,5851.00004153296
177,COMP_M,1,1_1,M.USER.APP.1,1,19,41,38,None,32.63636363636363,5883.000110607893,5915.6364742442565,5877.0,5883.000110607893
174,COMP_M,6,6_6,M.USER.APP.6,11,27,51,9,None,74.50383141762453,5925.0078004466095,5999.511631864234,5818.0,5829.0001376113605
179,COMP_M,9,9_9,M.USER.APP.9,16,33,42,33,None,39.42358604091456,5937.00007810376,5976.423664144674,5930.0,5937.00007810376
180,COMP_M,3,3_3,M.USER.APP.3,7,24,22,56,None,70.10068965517242,5983.000095412879,6053.100785068052,5972.0,5983.000095412879
175,COMP_M,6,6_6,M.USER.APP.6,11,27,51,9,None,74.50383141762453,5999.511631864234,6074.0154632818585,5824.0,5835.0001376113605
181,COMP_M,0,0_0,M.USER.APP.0,0,17,44,13,None,103.45951035781545,6039.0001136335595,6142.459623991375,6031.0,6039.0001136335595
178,COMP_M,6,6_6,M.USER.APP.6,12,27,20,9,None,74.50383141762453,6074.0154632818585,6148.519294699483,5901.0,5910.0001376113605
182,COMP_M,1,1_1,M.USER.APP.1,1,19,41,38,None,32.63636363636363,6131.000110607893,6163.6364742442565,6125.0,6131.000110607893
183,COMP_M,1,1_1,M.USER.APP.1,3,18,44,26,None,61.2088122605364,6168.000165911839,6229.208978172375,6157.0,6168.000165911839
184,COMP_M,4,4_4,M.USER.APP.4,8,25,20,9,None,44.582375478927204,6181.000176694999,6225.582552173926,6172.0,6181.000176694999
186,COMP_M,8,8_8,M.USER.APP.8,15,32,41,9,None,96.72030651340997,6222.0001123868005,6318.7204189002105,6212.0,6222.0001123868005
185,COMP_M,4,4_4,M.USER.APP.4,8,25,20,9,None,44.582375478927204,6225.582552173926,6270.164927652853,6197.0,6206.000176694999
189,COMP_M,1,1_1,M.USER.APP.1,2,18,42,26,None,61.2088122605364,6237.000110607893,6298.208922868429,6231.0,6237.000110607893
188,COMP_M,6,6_6,M.USER.APP.6,12,27,20,9,None,74.50383141762453,6240.0002225654525,6314.504053983077,6229.0,6240.0002225654525
187,COMP_M,4,4_4,M.USER.APP.4,8,25,20,9,None,44.582375478927204,6270.164927652853,6314.74730313178,6228.0,6237.000176694999
191,COMP_M,2,2_2,M.USER.APP.2,6,23,44,3,None,39.87547892720306,6275.000101135867,6314.875580063071,6267.0,6275.000101135867
190,COMP_M,4,4_4,M.USER.APP.4,8,25,20,9,None,44.582375478927204,6314.74730313178,6359.329678610708,6235.0,6244.000176694999
192,COMP_M,1,1_1,M.USER.APP.1,4,18,20,26,None,61.2088122605364,6315.000165911839,6376.208978172375,6306.0,6315.000165911839
193,COMP_M,3,3_3,M.USER.APP.3,7,24,22,56,None,70.10068965517242,6334.000095412879,6404.100785068052,6323.0,6334.000095412879
194,COMP_M,0,0_0,M.USER.APP.0,0,17,44,13,None,103.45951035781545,6394.0001136335595,6497.459623991375,6386.0,6394.0001136335595
195,COMP_M,6,6_6,M.USER.APP.6,11,27,51,9,None,74.50383141762453,6417.0001376113605,6491.503969028985,6406.0,6417.0001376113605
196,COMP_M,1,1_1,M.USER.APP.1,3,18,44,26,None,61.2088122605364,6511.000165911839,6572.208978172375,6500.0,6511.000165911839
197,COMP_M,8,8_8,M.USER.APP.8,15,32,41,9,None,96.72030651340997,6568.0001123868005,6664.7204189002105,6558.0,6568.0001123868005
198,COMP_M,6,6_6,M.USER.APP.6,12,27,20,9,None,74.50383141762453,6604.0001376113605,6678.503969028985,6595.0,6604.0001376113605
199,COMP_M,2,2_2,M.USER.APP.2,6,23,44,3,None,39.87547892720306,6624.000101135867,6663.875580063071,6616.0,6624.000101135867
200,COMP_M,5,5_5,M.USER.APP.5,9,26,44,3,None,83.83908045977012,6819.00004153296,6902.83912199273,6811.0,6819.00004153296
201,COMP_M,4,4_4,M.USER.APP.4,8,25,20,9,None,44.582375478927204,6867.000176694999,6911.582552173926,6858.0,6867.000176694999
202,COMP_M,6,6_6,M.USER.APP.6,13,30,22,33,None,46.80024067388688,6881.000091740907,6927.800332414794,6874.0,6881.000091740907
203,COMP_M,1,1_1,M.USER.APP.1,3,18,44,26,None,61.2088122605364,6893.000165911839,6954.208978172375,6882.0,6893.000165911839
204,COMP_M,6,6_6,M.USER.APP.6,11,27,51,9,None,74.50383141762453,6907.0001376113605,6981.503969028985,6896.0,6907.0001376113605
205,COMP_M,1,1_1,M.USER.APP.1,1,19,41,38,None,32.63636363636363,6935.000110607893,6967.6364742442565,6929.0,6935.000110607893
206,COMP_M,8,8_8,M.USER.APP.8,15,32,41,9,None,96.72030651340997,6954.0001123868005,7050.7204189002105,6944.0,6954.0001123868005
207,COMP_M,9,9_9,M.USER.APP.9,16,33,42,33,None,39.42358604091456,6958.00007810376,6997.423664144674,6951.0,6958.00007810376
208,COMP_M,9,9_9,M.USER.APP.9,16,33,42,33,None,39.42358604091456,6997.423664144674,7036.847250185589,6979.0,6986.00007810376
209,COMP_M,2,2_2,M.USER.APP.2,6,23,44,3,None,39.87547892720306,7013.000101135867,7052.875580063071,7005.0,7013.000101135867
210,COMP_M,9,9_9,M.USER.APP.9,16,33,42,33,None,39.42358604091456,7036.847250185589,7076.270836226503,7014.0,7021.00007810376
211,COMP_M,9,9_9,M.USER.APP.9,16,33,42,33,None,39.42358604091456,7076.270836226503,7115.694422267417,7022.0,7029.00007810376
212,COMP_M,6,6_6,M.USER.APP.6,10,27,44,9,None,74.50383141762453,7105.000091740907,7179.5039231585315,7095.0,7105.000091740907
213,COMP_M,6,6_6,M.USER.APP.6,13,30,22,33,None,46.80024067388688,7171.000091740907,7217.800332414794,7164.0,7171.000091740907
214,COMP_M,2,2_2,M.USER.APP.2,5,22,41,4,None,37.64014466546112,7177.000101135867,7214.640245801328,7172.0,7177.000101135867
215,COMP_M,5,5_5,M.USER.APP.5,9,26,44,3,None,83.83908045977012,7223.00004153296,7306.83912199273,7215.0,7223.00004153296
216,COMP_M,1,1_1,M.USER.APP.1,1,19,41,38,None,32.63636363636363,7321.000110607893,7353.6364742442565,7315.0,7321.000110607893
217,COMP_M,7,7_7,M.USER.APP.7,14,31,20,58,None,82.82949308755761,7375.000156124401,7457.829649211958,7365.0,7375.000156124401
218,COMP_M,5,5_5,M.USER.APP.5,9,26,44,3,None,83.83908045977012,7378.00004153296,7461.83912199273,7370.0,7378.00004153296
219,COMP_M,4,4_4,M.USER.APP.4,8,25,20,9,None,44.582375478927204,7392.000176694999,7436.582552173926,7383.0,7392.000176694999
220,COMP_M,3,3_3,M.USER.APP.3,7,24,22,56,None,70.10068965517242,7422.000095412879,7492.100785068052,7411.0,7422.000095412879
222,COMP_M,2,2_2,M.USER.APP.2,5,22,41,4,None,37.64014466546112,7479.000101135867,7516.640245801328,7474.0,7479.000101135867
221,COMP_M,3,3_3,M.USER.APP.3,7,24,22,56,None,70.10068965517242,7492.100785068052,7562.201474723224,7441.0,7452.000095412879
224,COMP_M,0,0_0,M.USER.APP.0,0,17,44,13,None,103.45951035781545,7493.0001136335595,7596.459623991375,7485.0,7493.0001136335595
223,COMP_M,3,3_3,M.USER.APP.3,7,24,22,56,None,70.10068965517242,7562.201474723224,7632.302164378397,7479.0,7490.000095412879
228,COMP_M,6,6_6,M.USER.APP.6,11,27,51,9,None,74.50383141762453,7572.0001376113605,7646.503969028985,7561.0,7572.0001376113605
226,COMP_M,0,0_0,M.USER.APP.0,0,17,44,13,None,103.45951035781545,7596.459623991375,7699.919134349191,7516.0,7524.0001136335595
225,COMP_M,3,3_3,M.USER.APP.3,7,24,22,56,None,70.10068965517242,7632.302164378397,7702.402854033569,7487.0,7498.000095412879
227,COMP_M,0,0_0,M.USER.APP.0,0,17,44,13,None,103.45951035781545,7699.919134349191,7803.378644707007,7554.0,7562.0001136335595
230,COMP_M,9,9_9,M.USER.APP.9,16,33,42,33,None,39.42358604091456,7731.00007810376,7770.423664144674,7724.0,7731.00007810376
231,COMP_M,6,6_6,M.USER.APP.6,12,27,20,9,None,74.50383141762453,7739.0001376113605,7813.503969028985,7730.0,7739.0001376113605
232,COMP_M,1,1_1,M.USER.APP.1,1,19,41,38,None,32.63636363636363,7751.000110607893,7783.6364742442565,7745.0,7751.000110607893
233,COMP_M,5,5_5,M.USER.APP.5,9,26,44,3,None,83.83908045977012,7760.00004153296,7843.83912199273,7752.0,7760.00004153296
229,COMP_M,0,0_0,M.USER.APP.0,0,17,44,13,None,103.45951035781545,7803.378644707007,7906.838155064823,7562.0,7570.0001136335595
234,COMP_M,6,6_6,M.USER.APP.6,12,27,20,9,None,74.50383141762453,7813.503969028985,7888.0078004466095,7762.0,7771.0001376113605
235,COMP_M,5,5_5,M.USER.APP.5,9,26,44,3,None,83.83908045977012,7843.83912199273,7927.6782024525,7783.0,7791.00004153296
236,COMP_M,6,6_6,M.USER.APP.6,12,27,20,9,None,74.50383141762453,7888.0078004466095,7962.511631864234,7801.0,7810.0001376113605
237,COMP_M,6,6_6,M.USER.APP.6,12,27,20,9,None,74.50383141762453,7962.511631864234,8037.0154632818585,7809.0,7818.0001376113605
238,COMP_M,5,5_5,M.USER.APP.5,9,26,44,3,None,83.83908045977012,8048.00004153296,8131.83912199273,8040.0,8048.00004153296
239,COMP_M,1,1_1,M.USER.APP.1,3,18,44,26,None,61.2088122605364,8077.000165911839,8138.208978172375,8066.0,8077.000165911839
241,COMP_M,4,4_4,M.USER.APP.4,8,25,20,9,None,44.582375478927204,8104.000176694999,8148.582552173926,8095.0,8104.000176694999
243,COMP_M,6,6_6,M.USER.APP.6,13,30,22,33,None,46.80024067388688,8112.000091740907,8158.800332414794,8105.0,8112.000091740907
240,COMP_M,5,5_5,M.USER.APP.5,9,26,44,3,None,83.83908045977012,8131.83912199273,8215.6782024525,8078.0,8086.00004153296
242,COMP_M,1,1_1,M.USER.APP.1,3,18,44,26,None,61.2088122605364,8138.208978172375,8199.417790432912,8099.0,8110.000165911839
244,COMP_M,8,8_8,M.USER.APP.8,15,32,41,9,None,96.72030651340997,8149.0001123868005,8245.720418900211,8139.0,8149.0001123868005
245,COMP_M,1,1_1,M.USER.APP.1,3,18,44,26,None,61.2088122605364,8199.417790432912,8260.626602693448,8140.0,8151.000165911839
248,COMP_M,2,2_2,M.USER.APP.2,6,23,44,3,None,39.87547892720306,8218.000101135865,8257.875580063068,8210.0,8218.000101135865
247,COMP_M,8,8_8,M.USER.APP.8,15,32,41,9,None,96.72030651340997,8245.720418900211,8342.440725413622,8172.0,8182.0001123868005
251,COMP_M,3,3_3,M.USER.APP.3,7,24,22,56,None,70.10068965517242,8246.00009541288,8316.10078506805,8235.0,8246.00009541288
252,COMP_M,2,2_2,M.USER.APP.2,6,23,44,3,None,39.87547892720306,8257.875580063068,8297.75105899027,8244.0,8252.000101135865
246,COMP_M,1,1_1,M.USER.APP.1,3,18,44,26,None,61.2088122605364,8260.626602693448,8321.835414953985,8149.0,8160.000165911839
253,COMP_M,2,2_2,M.USER.APP.2,6,23,44,3,None,39.87547892720306,8297.75105899027,8337.626537917473,8286.0,8294.000101135865
255,COMP_M,9,9_9,M.USER.APP.9,16,33,42,33,None,39.42358604091456,8322.00007810376,8361.423664144675,8315.0,8322.00007810376
256,COMP_M,0,0_0,M.USER.APP.0,0,17,44,13,None,103.45951035781545,8326.00011363356,8429.459623991375,8318.0,8326.00011363356
254,COMP_M,2,2_2,M.USER.APP.2,6,23,44,3,None,39.87547892720306,8337.626537917473,8377.502016844675,8295.0,8303.000101135865
249,COMP_M,8,8_8,M.USER.APP.8,15,32,41,9,None,96.72030651340997,8342.440725413622,8439.161031927033,8213.0,8223.000112386799
250,COMP_M,8,8_8,M.USER.APP.8,15,32,41,9,None,96.72030651340997,8439.161031927033,8535.881338440444,8222.0,8232.000112386799
257,COMP_M,2,2_2,M.USER.APP.2,5,22,41,4,None,37.64014466546112,8461.000101135865,8498.640245801327,8456.0,8461.000101135865
258,COMP_M,6,6_6,M.USER.APP.6,13,30,22,33,None,46.80024067388688,8563.000091740905,8609.800332414792,8556.0,8563.000091740905
259,COMP_M,6,6_6,M.USER.APP.6,12,27,20,9,None,74.50383141762453,8599.000137611358,8673.503969028983,8590.0,8599.000137611358
260,COMP_M,1,1_1,M.USER.APP.1,2,18,42,26,None,61.2088122605364,8772.000110607893,8833.208922868429,8766.0,8772.000110607893
261,COMP_M,5,5_5,M.USER.APP.5,9,26,44,3,None,83.83908045977012,8815.00004153296,8898.839121992729,8807.0,8815.00004153296
262,COMP_M,6,6_6,M.USER.APP.6,11,27,51,9,None,74.50383141762453,8825.000137611358,8899.503969028983,8814.0,8825.000137611358
263,COMP_M,3,3_3,M.USER.APP.3,7,24,22,56,None,70.10068965517242,8876.00009541288,8946.10078506805,8865.0,8876.00009541288
264,COMP_M,1,1_1,M.USER.APP.1,4,18,20,26,None,61.2088122605364,8880.000165911839,8941.208978172375,8871.0,8880.000165911839
265,COMP_M,2,2_2,M.USER.APP.2,5,22,41,4,None,37.64014466546112,8932.000101135865,8969.640245801327,8927.0,8932.000101135865
266,COMP_M,0,0_0,M.USER.APP.0,0,17,44,13,None,103.45951035781545,8962.00011363356,9065.459623991375,8954.0,8962.00011363356
267,COMP_M,1,1_1,M.USER.APP.1,3,18,44,26,None,61.2088122605364,8975.000165911839,9036.208978172375,8964.0,8975.000165911839
268,COMP_M,5,5_5,M.USER.APP.5,9,26,44,3,None,83.83908045977012,9000.00004153296,9083.839121992729,8992.0,9000.00004153296
269,COMP_M,8,8_8,M.USER.APP.8,15,32,41,9,None,96.72030651340997,9054.000112386799,9150.72041890021,9044.0,9054.000112386799
270,COMP_M,6,6_6,M.USER.APP.6,13,30,22,33,None,46.80024067388688,9066.000091740905,9112.800332414792,9059.0,9066.000091740905
271,COMP_M,1,1_1,M.USER.APP.1,1,19,41,38,None,32.63636363636363,9083.000110607893,9115.636474244257,9077.0,9083.000110607893
272,COMP_M,1,1_1,M.USER.APP.1,1,19,41,38,None,32.63636363636363,9120.000110607893,9152.636474244257,9114.0,9120.000110607893
273,COMP_M,9,9_9,M.USER.APP.9,16,33,42,33,None,39.42358604091456,9123.00007810376,9162.423664144675,9116.0,9123.00007810376
274,COMP_M,2,2_2,M.USER.APP.2,6,23,44,3,None,39.87547892720306,9132.000101135865,9171.875580063068,9124.0,9132.000101135865
275,COMP_M,5,5_5,M.USER.APP.5,9,26,44,3,None,83.83908045977012,9136.000121902345,9219.839202362115,9126.0,9136.000121902345
276,COMP_M,1,1_1,M.USER.APP.1,2,18,42,26,None,61.2088122605364,9141.000110607893,9202.208922868429,9135.0,9141.000110607893
277,COMP_M,1,1_1,M.USER.APP.1,1,19,41,38,None,32.63636363636363,9166.000110607893,9198.636474244257,9160.0,9166.000110607893
278,COMP_M,1,1_1,M.USER.APP.1,1,19,41,38,None,32.63636363636363,9198.636474244257,9231.27283788062,9170.0,9176.000110607893
279,COMP_M,5,5_5,M.USER.APP.5,9,26,44,3,None,83.83908045977012,9219.839202362115,9303.678282821884,9203.0,9211.00004153296
280,COMP_M,1,1_1,M.USER.APP.1,4,18,20,26,None,61.2088122605364,9254.000165911839,9315.208978172375,9245.0,9254.000165911839
281,COMP_M,6,6_6,M.USER.APP.6,12,27,20,9,None,74.50383141762453,9257.000202348798,9331.504033766423,9248.0,9257.000202348798
282,COMP_M,6,6_6,M.USER.APP.6,11,27,51,9,None,74.50383141762453,9348.000137611358,9422.503969028983,9337.0,9348.000137611358
283,COMP_M,4,4_4,M.USER.APP.4,8,25,20,9,None,44.582375478927204,9445.000176694999,9489.582552173926,9436.0,9445.000176694999
284,COMP_M,2,2_2,M.USER.APP.2,5,22,41,4,None,37.64014466546112,9457.000101135865,9494.640245801327,9452.0,9457.000101135865
285,COMP_M,6,6_6,M.USER.APP.6,11,27,51,9,None,74.50383141762453,9549.000137611358,9623.503969028983,9538.0,9549.000137611358
286,COMP_M,5,5_5,M.USER.APP.5,9,26,44,3,None,83.83908045977012,9586.00004153296,9669.839121992729,9578.0,9586.00004153296
287,COMP_M,1,1_1,M.USER.APP.1,3,18,44,26,None,61.2088122605364,9661.000165911839,9722.208978172375,9650.0,9661.000165911839
288,COMP_M,3,3_3,M.USER.APP.3,7,24,22,56,None,70.10068965517242,9730.00009541288,9800.10078506805,9719.0,9730.00009541288
289,COMP_M,5,5_5,M.USER.APP.5,9,26,44,3,None,83.83908045977012,9739.00004153296,9822.839121992729,9731.0,9739.00004153296
290,COMP_M,8,8_8,M.USER.APP.8,15,32,41,9,None,96.72030651340997,9746.000112386799,9842.72041890021,9736.0,9746.000112386799
291,COMP_M,0,0_0,M.USER.APP.0,0,17,44,13,None,103.45951035781545,9825.00011363356,9928.459623991375,9817.0,9825.00011363356
292,COMP_M,2,2_2,M.USER.APP.2,6,23,44,3,None,39.87547892720306,9830.000101135865,9869.875580063068,9822.0,9830.000101135865
293,COMP_M,5,5_5,M.USER.APP.5,9,26,44,3,None,83.83908045977012,9950.00004153296,10033.839121992729,9942.0,9950.00004153296
295,COMP_M,6,6_6,M.USER.APP.6,10,27,44,9,None,74.50383141762453,9992.000091740905,10066.50392315853,9982.0,9992.000091740905
