id,type,src,dst,app,latency,message,ctime,size,buffer
1,LINK,54,1,8,4.000044695933333,M.USER.APP.8,177,3352195,0
1,LINK,1,26,8,5.000044695933333,M.USER.APP.8,181.00004469593333,3352195,0
2,LINK,52,1,4,4.00003594872,M.USER.APP.4,202,2696154,0
2,LINK,1,26,4,5.00003594872,M.USER.APP.4,206.00003594872,2696154,0
3,LINK,54,0,0,2.0000536030133333,M.USER.APP.0,331,4020226,0
3,LINK,0,14,0,2.0000536030133333,M.USER.APP.0,333.0000536030133,4020226,0
4,LINK,2,0,8,5.000044695933333,M.USER.APP.8,347,3352195,0
5,LINK,54,0,1,2.0000574767733332,M.USER.APP.1,350,4310758,1
4,LINK,0,1,8,6.000044695933333,M.USER.APP.8,352.00004469593335,3352195,1
5,LINK,0,14,1,2.0000574767733332,M.USER.APP.1,352.00005747677335,4310758,1
4,LINK,1,26,8,5.000044695933333,M.USER.APP.8,358.0000893918667,3352195,0
6,LINK,53,1,2,3.000033584466667,M.USER.APP.2,362,2518835,1
6,LINK,1,0,2,6.000033584466666,M.USER.APP.2,365.0000335844667,2518835,0
7,LINK,54,1,9,4.000025084853333,M.USER.APP.9,366,1881364,1
6,LINK,0,14,2,2.000033584466667,M.USER.APP.2,371.00006716893336,2518835,0
8,LINK,39,3,5,2.00004648164,M.USER.APP.5,396,3486123,0
8,LINK,3,34,5,4.00004648164,M.USER.APP.5,398.00004648164,3486123,0
9,LINK,39,3,4,2.00003594872,M.USER.APP.4,401,2696154,1
9,LINK,3,1,4,5.00003594872,M.USER.APP.4,403.00003594872,2696154,0
9,LINK,1,26,4,5.00003594872,M.USER.APP.4,408.00007189743997,2696154,0
10,LINK,52,0,0,2.0000536030133333,M.USER.APP.0,409,4020226,1
10,LINK,0,14,0,2.0000536030133333,M.USER.APP.0,411.0000536030133,4020226,1
11,LINK,52,1,8,4.000044695933333,M.USER.APP.8,414,3352195,0
11,LINK,1,26,8,5.000044695933333,M.USER.APP.8,418.00004469593335,3352195,0
12,LINK,2,0,4,5.00003594872,M.USER.APP.4,432,2696154,0
12,LINK,0,1,4,6.00003594872,M.USER.APP.4,437.00003594872,2696154,0
12,LINK,1,26,4,5.00003594872,M.USER.APP.4,443.00007189743997,2696154,0
13,LINK,49,1,4,4.00003594872,M.USER.APP.4,457,2696154,0
14,LINK,54,1,8,4.000044695933333,M.USER.APP.8,457,3352195,1
13,LINK,1,26,4,5.00003594872,M.USER.APP.4,461.00003594872,2696154,1
14,LINK,1,26,8,5.000044695933333,M.USER.APP.8,461.00004469593335,3352195,1
15,LINK,46,3,1,4.000057476773334,M.USER.APP.1,498,4310758,0
15,LINK,3,0,1,4.000057476773334,M.USER.APP.1,502.00005747677335,4310758,0
15,LINK,0,14,1,2.0000574767733332,M.USER.APP.1,506.0001149535467,4310758,0
16,LINK,45,1,1,4.000057476773334,M.USER.APP.1,515,4310758,0
16,LINK,1,0,1,6.000057476773334,M.USER.APP.1,519.0000574767733,4310758,0
17,LINK,52,1,4,4.00003594872,M.USER.APP.4,522,2696154,1
16,LINK,0,14,1,2.0000574767733332,M.USER.APP.1,525.0001149535467,4310758,1
17,LINK,1,26,4,5.00003594872,M.USER.APP.4,526.00003594872,2696154,1
18,LINK,52,1,6,4.0000561944,M.USER.APP.6,528,4214580,1
18,LINK,1,26,6,5.0000561944,M.USER.APP.6,532.0000561944,4214580,0
19,LINK,49,1,7,4.000049389533333,M.USER.APP.7,553,3704215,0
20,LINK,2,0,9,5.000025084853333,M.USER.APP.9,559,1881364,0
21,LINK,40,0,7,5.000049389533333,M.USER.APP.7,563,3704215,1
20,LINK,0,1,9,6.000025084853333,M.USER.APP.9,564.0000250848533,1881364,1
21,LINK,0,1,7,6.000049389533333,M.USER.APP.7,568.0000493895334,3704215,1
22,LINK,45,1,0,4.000053603013333,M.USER.APP.0,573,4020226,1
22,LINK,1,0,0,6.000053603013333,M.USER.APP.0,577.0000536030134,4020226,0
22,LINK,0,14,0,2.0000536030133333,M.USER.APP.0,583.0001072060268,4020226,0
23,LINK,14,0,8,2.000044695933333,M.USER.APP.8,600,3352195,0
23,LINK,0,1,8,6.000044695933333,M.USER.APP.8,602.0000446959333,3352195,0
23,LINK,1,26,8,5.000044695933333,M.USER.APP.8,608.0000893918666,3352195,0
24,LINK,34,3,1,4.000057476773334,M.USER.APP.1,623,4310758,0
24,LINK,3,0,1,4.000057476773334,M.USER.APP.1,627.0000574767733,4310758,0
24,LINK,0,14,1,2.0000574767733332,M.USER.APP.1,631.0001149535467,4310758,0
25,LINK,46,3,4,4.00003594872,M.USER.APP.4,651,2696154,0
26,LINK,53,1,5,3.00004648164,M.USER.APP.5,653,3486123,1
25,LINK,3,1,4,5.00003594872,M.USER.APP.4,655.00003594872,2696154,1
26,LINK,1,3,5,5.00004648164,M.USER.APP.5,656.00004648164,3486123,1
25,LINK,1,26,4,5.00003594872,M.USER.APP.4,660.00007189744,2696154,1
26,LINK,3,34,5,4.00004648164,M.USER.APP.5,661.0000929632799,3486123,1
27,LINK,54,1,8,4.000044695933333,M.USER.APP.8,662,3352195,2
27,LINK,1,26,8,5.000044695933333,M.USER.APP.8,666.0000446959333,3352195,0
28,LINK,56,4,3,5.0000249484533335,M.USER.APP.3,694,1871134,0
28,LINK,4,3,3,4.0000249484533335,M.USER.APP.3,699.0000249484533,1871134,0
28,LINK,3,25,3,4.0000249484533335,M.USER.APP.3,703.0000498969066,1871134,0
29,LINK,52,1,4,4.00003594872,M.USER.APP.4,757,2696154,0
29,LINK,1,26,4,5.00003594872,M.USER.APP.4,761.00003594872,2696154,0
30,LINK,54,1,8,4.000044695933333,M.USER.APP.8,837,3352195,0
30,LINK,1,26,8,5.000044695933333,M.USER.APP.8,841.0000446959333,3352195,0
31,LINK,54,0,0,2.0000536030133333,M.USER.APP.0,853,4020226,0
31,LINK,0,14,0,2.0000536030133333,M.USER.APP.0,855.0000536030134,4020226,0
32,LINK,2,0,8,5.000044695933333,M.USER.APP.8,895,3352195,0
32,LINK,0,1,8,6.000044695933333,M.USER.APP.8,900.0000446959333,3352195,0
33,LINK,54,0,1,2.0000574767733332,M.USER.APP.1,903,4310758,1
33,LINK,0,14,1,2.0000574767733332,M.USER.APP.1,905.0000574767733,4310758,1
32,LINK,1,26,8,5.000044695933333,M.USER.APP.8,906.0000893918666,3352195,1
34,LINK,53,1,2,3.000033584466667,M.USER.APP.2,933,2518835,0
34,LINK,1,0,2,6.000033584466666,M.USER.APP.2,936.0000335844667,2518835,0
34,LINK,0,14,2,2.000033584466667,M.USER.APP.2,942.0000671689334,2518835,0
35,LINK,54,1,9,4.000025084853333,M.USER.APP.9,944,1881364,1
36,LINK,52,1,4,4.00003594872,M.USER.APP.4,957,2696154,0
37,LINK,54,1,8,4.000044695933333,M.USER.APP.8,959,3352195,1
36,LINK,1,26,4,5.00003594872,M.USER.APP.4,961.00003594872,2696154,1
37,LINK,1,26,8,5.000044695933333,M.USER.APP.8,963.0000446959333,3352195,1
38,LINK,39,3,5,2.00004648164,M.USER.APP.5,1021,3486123,0
38,LINK,3,34,5,4.00004648164,M.USER.APP.5,1023.00004648164,3486123,0
39,LINK,39,3,4,2.00003594872,M.USER.APP.4,1033,2696154,0
39,LINK,3,1,4,5.00003594872,M.USER.APP.4,1035.00003594872,2696154,0
39,LINK,1,26,4,5.00003594872,M.USER.APP.4,1040.0000718974402,2696154,0
40,LINK,52,0,0,2.0000536030133333,M.USER.APP.0,1054,4020226,0
40,LINK,0,14,0,2.0000536030133333,M.USER.APP.0,1056.0000536030134,4020226,0
41,LINK,52,1,8,4.000044695933333,M.USER.APP.8,1068,3352195,0
41,LINK,1,26,8,5.000044695933333,M.USER.APP.8,1072.0000446959334,3352195,0
42,LINK,52,1,4,4.00003594872,M.USER.APP.4,1097,2696154,0
42,LINK,1,26,4,5.00003594872,M.USER.APP.4,1101.00003594872,2696154,0
43,LINK,2,0,4,5.00003594872,M.USER.APP.4,1115,2696154,0
43,LINK,0,1,4,6.00003594872,M.USER.APP.4,1120.00003594872,2696154,0
43,LINK,1,26,4,5.00003594872,M.USER.APP.4,1126.0000718974402,2696154,0
44,LINK,49,1,4,4.00003594872,M.USER.APP.4,1179,2696154,0
44,LINK,1,26,4,5.00003594872,M.USER.APP.4,1183.00003594872,2696154,0
45,LINK,54,1,8,4.000044695933333,M.USER.APP.8,1190,3352195,0
45,LINK,1,26,8,5.000044695933333,M.USER.APP.8,1194.0000446959334,3352195,0
46,LINK,54,0,0,2.0000536030133333,M.USER.APP.0,1237,4020226,0
46,LINK,0,14,0,2.0000536030133333,M.USER.APP.0,1239.0000536030134,4020226,0
47,LINK,46,3,1,4.000057476773334,M.USER.APP.1,1284,4310758,0
47,LINK,3,0,1,4.000057476773334,M.USER.APP.1,1288.0000574767732,4310758,0
47,LINK,0,14,1,2.0000574767733332,M.USER.APP.1,1292.0001149535465,4310758,0
48,LINK,2,0,8,5.000044695933333,M.USER.APP.8,1298,3352195,0
48,LINK,0,1,8,6.000044695933333,M.USER.APP.8,1303.0000446959334,3352195,0
48,LINK,1,26,8,5.000044695933333,M.USER.APP.8,1309.0000893918668,3352195,0
49,LINK,54,0,1,2.0000574767733332,M.USER.APP.1,1310,4310758,1
49,LINK,0,14,1,2.0000574767733332,M.USER.APP.1,1312.0000574767732,4310758,1
50,LINK,54,1,8,4.000044695933333,M.USER.APP.8,1318,3352195,0
50,LINK,1,26,8,5.000044695933333,M.USER.APP.8,1322.0000446959334,3352195,0
51,LINK,45,1,1,4.000057476773334,M.USER.APP.1,1328,4310758,0
51,LINK,1,0,1,6.000057476773334,M.USER.APP.1,1332.0000574767732,4310758,0
51,LINK,0,14,1,2.0000574767733332,M.USER.APP.1,1338.0001149535465,4310758,0
52,LINK,53,1,2,3.000033584466667,M.USER.APP.2,1353,2518835,0
52,LINK,1,0,2,6.000033584466666,M.USER.APP.2,1356.0000335844666,2518835,0
53,LINK,52,1,6,4.0000561944,M.USER.APP.6,1361,4214580,1
54,LINK,52,1,4,4.00003594872,M.USER.APP.4,1361,2696154,2
52,LINK,0,14,2,2.000033584466667,M.USER.APP.2,1362.0000671689331,2518835,2
53,LINK,1,26,6,5.0000561944,M.USER.APP.6,1365.0000561944,4214580,1
55,LINK,54,1,9,4.000025084853333,M.USER.APP.9,1369,1881364,2
54,LINK,1,26,4,5.00003594872,M.USER.APP.4,1369.0000921431201,2696154,2
56,LINK,49,1,7,4.000049389533333,M.USER.APP.7,1427,3704215,0
57,LINK,2,0,9,5.000025084853333,M.USER.APP.9,1441,1881364,0
57,LINK,0,1,9,6.000025084853333,M.USER.APP.9,1446.0000250848534,1881364,0
58,LINK,40,0,7,5.000049389533333,M.USER.APP.7,1452,3704215,1
58,LINK,0,1,7,6.000049389533333,M.USER.APP.7,1457.0000493895334,3704215,0
59,LINK,45,1,0,4.000053603013333,M.USER.APP.0,1477,4020226,0
60,LINK,39,3,5,2.00004648164,M.USER.APP.5,1480,3486123,1
59,LINK,1,0,0,6.000053603013333,M.USER.APP.0,1481.0000536030134,4020226,1
60,LINK,3,34,5,4.00004648164,M.USER.APP.5,1482.00004648164,3486123,1
59,LINK,0,14,0,2.0000536030133333,M.USER.APP.0,1487.0001072060268,4020226,0
61,LINK,39,3,4,2.00003594872,M.USER.APP.4,1498,2696154,0
61,LINK,3,1,4,5.00003594872,M.USER.APP.4,1500.00003594872,2696154,0
61,LINK,1,26,4,5.00003594872,M.USER.APP.4,1505.0000718974402,2696154,0
62,LINK,52,1,4,4.00003594872,M.USER.APP.4,1507,2696154,1
62,LINK,1,26,4,5.00003594872,M.USER.APP.4,1511.00003594872,2696154,0
63,LINK,52,0,0,2.0000536030133333,M.USER.APP.0,1528,4020226,0
63,LINK,0,14,0,2.0000536030133333,M.USER.APP.0,1530.0000536030134,4020226,0
64,LINK,14,0,8,2.000044695933333,M.USER.APP.8,1548,3352195,0
65,LINK,52,1,8,4.000044695933333,M.USER.APP.8,1548,3352195,1
64,LINK,0,1,8,6.000044695933333,M.USER.APP.8,1550.0000446959334,3352195,1
65,LINK,1,26,8,5.000044695933333,M.USER.APP.8,1552.0000446959334,3352195,1
64,LINK,1,26,8,5.000044695933333,M.USER.APP.8,1556.0000893918668,3352195,1
66,LINK,54,0,0,2.0000536030133333,M.USER.APP.0,1564,4020226,0
66,LINK,0,14,0,2.0000536030133333,M.USER.APP.0,1566.0000536030134,4020226,0
67,LINK,34,3,1,4.000057476773334,M.USER.APP.1,1606,4310758,0
67,LINK,3,0,1,4.000057476773334,M.USER.APP.1,1610.0000574767732,4310758,0
67,LINK,0,14,1,2.0000574767733332,M.USER.APP.1,1614.0001149535465,4310758,0
68,LINK,2,0,4,5.00003594872,M.USER.APP.4,1617,2696154,0
68,LINK,0,1,4,6.00003594872,M.USER.APP.4,1622.00003594872,2696154,0
68,LINK,1,26,4,5.00003594872,M.USER.APP.4,1628.0000718974402,2696154,0
69,LINK,2,0,8,5.000044695933333,M.USER.APP.8,1642,3352195,0
69,LINK,0,1,8,6.000044695933333,M.USER.APP.8,1647.0000446959334,3352195,0
69,LINK,1,26,8,5.000044695933333,M.USER.APP.8,1653.0000893918668,3352195,0
70,LINK,54,0,1,2.0000574767733332,M.USER.APP.1,1657,4310758,1
70,LINK,0,14,1,2.0000574767733332,M.USER.APP.1,1659.0000574767732,4310758,0
71,LINK,46,3,4,4.00003594872,M.USER.APP.4,1679,2696154,0
71,LINK,3,1,4,5.00003594872,M.USER.APP.4,1683.00003594872,2696154,0
72,LINK,53,1,5,3.00004648164,M.USER.APP.5,1684,3486123,1
72,LINK,1,3,5,5.00004648164,M.USER.APP.5,1687.00004648164,3486123,1
71,LINK,1,26,4,5.00003594872,M.USER.APP.4,1688.0000718974402,2696154,1
72,LINK,3,34,5,4.00004648164,M.USER.APP.5,1692.0000929632802,3486123,1
73,LINK,49,1,4,4.00003594872,M.USER.APP.4,1709,2696154,0
74,LINK,53,1,2,3.000033584466667,M.USER.APP.2,1711,2518835,1
73,LINK,1,26,4,5.00003594872,M.USER.APP.4,1713.00003594872,2696154,1
74,LINK,1,0,2,6.000033584466666,M.USER.APP.2,1714.0000335844666,2518835,1
74,LINK,0,14,2,2.000033584466667,M.USER.APP.2,1720.0000671689331,2518835,0
75,LINK,54,1,9,4.000025084853333,M.USER.APP.9,1731,1881364,0
76,LINK,56,4,3,5.0000249484533335,M.USER.APP.3,1789,1871134,0
77,LINK,54,0,0,2.0000536030133333,M.USER.APP.0,1793,4020226,1
76,LINK,4,3,3,4.0000249484533335,M.USER.APP.3,1794.0000249484533,1871134,1
77,LINK,0,14,0,2.0000536030133333,M.USER.APP.0,1795.0000536030134,4020226,1
76,LINK,3,25,3,4.0000249484533335,M.USER.APP.3,1798.0000498969066,1871134,0
78,LINK,54,1,8,4.000044695933333,M.USER.APP.8,1813,3352195,0
78,LINK,1,26,8,5.000044695933333,M.USER.APP.8,1817.0000446959334,3352195,0
79,LINK,46,3,1,4.000057476773334,M.USER.APP.1,1861,4310758,0
79,LINK,3,0,1,4.000057476773334,M.USER.APP.1,1865.0000574767732,4310758,0
79,LINK,0,14,1,2.0000574767733332,M.USER.APP.1,1869.0001149535465,4310758,0
80,LINK,39,3,5,2.00004648164,M.USER.APP.5,1872,3486123,0
80,LINK,3,34,5,4.00004648164,M.USER.APP.5,1874.00004648164,3486123,0
81,LINK,2,0,8,5.000044695933333,M.USER.APP.8,1882,3352195,0
81,LINK,0,1,8,6.000044695933333,M.USER.APP.8,1887.0000446959334,3352195,0
81,LINK,1,26,8,5.000044695933333,M.USER.APP.8,1893.0000893918668,3352195,0
82,LINK,39,3,4,2.00003594872,M.USER.APP.4,1894,2696154,1
82,LINK,3,1,4,5.00003594872,M.USER.APP.4,1896.00003594872,2696154,1
83,LINK,54,0,1,2.0000574767733332,M.USER.APP.1,1900,4310758,1
82,LINK,1,26,4,5.00003594872,M.USER.APP.4,1901.0000718974402,2696154,1
83,LINK,0,14,1,2.0000574767733332,M.USER.APP.1,1902.0000574767732,4310758,1
84,LINK,45,1,1,4.000057476773334,M.USER.APP.1,1926,4310758,0
84,LINK,1,0,1,6.000057476773334,M.USER.APP.1,1930.0000574767732,4310758,0
85,LINK,52,0,0,2.0000536030133333,M.USER.APP.0,1932,4020226,1
85,LINK,0,14,0,2.0000536030133333,M.USER.APP.0,1934.0000536030134,4020226,1
84,LINK,0,14,1,2.0000574767733332,M.USER.APP.1,1936.0001149535465,4310758,0
86,LINK,52,1,8,4.000044695933333,M.USER.APP.8,1958,3352195,0
87,LINK,53,1,2,3.000033584466667,M.USER.APP.2,1961,2518835,1
86,LINK,1,26,8,5.000044695933333,M.USER.APP.8,1962.0000446959334,3352195,1
87,LINK,1,0,2,6.000033584466666,M.USER.APP.2,1964.0000335844666,2518835,1
87,LINK,0,14,2,2.000033584466667,M.USER.APP.2,1970.0000671689331,2518835,0
88,LINK,52,1,6,4.0000561944,M.USER.APP.6,1974,4214580,0
88,LINK,1,26,6,5.0000561944,M.USER.APP.6,1978.0000561944,4214580,0
89,LINK,54,1,9,4.000025084853333,M.USER.APP.9,1985,1881364,0
90,LINK,2,0,4,5.00003594872,M.USER.APP.4,2045,2696154,0
90,LINK,0,1,4,6.00003594872,M.USER.APP.4,2050.00003594872,2696154,0
90,LINK,1,26,4,5.00003594872,M.USER.APP.4,2056.0000718974397,2696154,0
91,LINK,49,1,7,4.000049389533333,M.USER.APP.7,2069,3704215,0
92,LINK,52,1,4,4.00003594872,M.USER.APP.4,2073,2696154,1
92,LINK,1,26,4,5.00003594872,M.USER.APP.4,2077.00003594872,2696154,0
93,LINK,2,0,9,5.000025084853333,M.USER.APP.9,2090,1881364,0
93,LINK,0,1,9,6.000025084853333,M.USER.APP.9,2095.0000250848534,1881364,0
94,LINK,40,0,7,5.000049389533333,M.USER.APP.7,2105,3704215,0
94,LINK,0,1,7,6.000049389533333,M.USER.APP.7,2110.000049389533,3704215,0
95,LINK,45,1,0,4.000053603013333,M.USER.APP.0,2141,4020226,0
95,LINK,1,0,0,6.000053603013333,M.USER.APP.0,2145.0000536030134,4020226,0
96,LINK,39,3,5,2.00004648164,M.USER.APP.5,2146,3486123,1
96,LINK,3,34,5,4.00004648164,M.USER.APP.5,2148.00004648164,3486123,1
95,LINK,0,14,0,2.0000536030133333,M.USER.APP.0,2151.0001072060268,4020226,1
97,LINK,49,1,4,4.00003594872,M.USER.APP.4,2161,2696154,0
97,LINK,1,26,4,5.00003594872,M.USER.APP.4,2165.00003594872,2696154,0
98,LINK,39,3,4,2.00003594872,M.USER.APP.4,2171,2696154,0
98,LINK,3,1,4,5.00003594872,M.USER.APP.4,2173.00003594872,2696154,0
98,LINK,1,26,4,5.00003594872,M.USER.APP.4,2178.0000718974397,2696154,0
99,LINK,52,0,0,2.0000536030133333,M.USER.APP.0,2215,4020226,0
99,LINK,0,14,0,2.0000536030133333,M.USER.APP.0,2217.0000536030134,4020226,0
100,LINK,54,0,0,2.0000536030133333,M.USER.APP.0,2224,4020226,0
100,LINK,0,14,0,2.0000536030133333,M.USER.APP.0,2226.0000536030134,4020226,0
101,LINK,14,0,8,2.000044695933333,M.USER.APP.8,2245,3352195,0
102,LINK,52,1,8,4.000044695933333,M.USER.APP.8,2245,3352195,1
101,LINK,0,1,8,6.000044695933333,M.USER.APP.8,2247.0000446959334,3352195,1
102,LINK,1,26,8,5.000044695933333,M.USER.APP.8,2249.0000446959334,3352195,1
101,LINK,1,26,8,5.000044695933333,M.USER.APP.8,2253.000089391867,3352195,1
103,LINK,34,3,1,4.000057476773334,M.USER.APP.1,2328,4310758,0
103,LINK,3,0,1,4.000057476773334,M.USER.APP.1,2332.0000574767732,4310758,0
104,LINK,2,0,8,5.000044695933333,M.USER.APP.8,2335,3352195,1
103,LINK,0,14,1,2.0000574767733332,M.USER.APP.1,2336.0001149535465,4310758,1
104,LINK,0,1,8,6.000044695933333,M.USER.APP.8,2340.0000446959334,3352195,0
105,LINK,2,0,4,5.00003594872,M.USER.APP.4,2344,2696154,1
104,LINK,1,26,8,5.000044695933333,M.USER.APP.8,2346.000089391867,3352195,1
105,LINK,0,1,4,6.00003594872,M.USER.APP.4,2349.00003594872,2696154,1
106,LINK,46,3,1,4.000057476773334,M.USER.APP.1,2353,4310758,1
105,LINK,1,26,4,5.00003594872,M.USER.APP.4,2355.0000718974397,2696154,1
107,LINK,54,0,1,2.0000574767733332,M.USER.APP.1,2357,4310758,2
106,LINK,3,0,1,4.000057476773334,M.USER.APP.1,2357.0000574767732,4310758,2
107,LINK,0,14,1,2.0000574767733332,M.USER.APP.1,2359.0000574767732,4310758,2
106,LINK,0,14,1,2.0000574767733332,M.USER.APP.1,2361.0001149535465,4310758,0
108,LINK,53,1,2,3.000033584466667,M.USER.APP.2,2433,2518835,0
109,LINK,46,3,4,4.00003594872,M.USER.APP.4,2435,2696154,1
110,LINK,45,1,1,4.000057476773334,M.USER.APP.1,2436,4310758,2
108,LINK,1,0,2,6.000033584466666,M.USER.APP.2,2436.0000335844666,2518835,2
109,LINK,3,1,4,5.00003594872,M.USER.APP.4,2439.00003594872,2696154,2
110,LINK,1,0,1,6.000057476773334,M.USER.APP.1,2440.0000574767732,4310758,2
111,LINK,53,1,5,3.00004648164,M.USER.APP.5,2441,3486123,3
108,LINK,0,14,2,2.000033584466667,M.USER.APP.2,2442.000067168933,2518835,3
111,LINK,1,3,5,5.00004648164,M.USER.APP.5,2444.00004648164,3486123,3
109,LINK,1,26,4,5.00003594872,M.USER.APP.4,2444.0000718974397,2696154,3
110,LINK,0,14,1,2.0000574767733332,M.USER.APP.1,2448.0001246457064,4310758,2
111,LINK,3,34,5,4.00004648164,M.USER.APP.5,2449.0000929632797,3486123,2
112,LINK,54,1,9,4.000025084853333,M.USER.APP.9,2463,1881364,0
113,LINK,54,0,0,2.0000536030133333,M.USER.APP.0,2463,4020226,1
113,LINK,0,14,0,2.0000536030133333,M.USER.APP.0,2465.0000536030134,4020226,1
114,LINK,49,1,4,4.00003594872,M.USER.APP.4,2477,2696154,0
114,LINK,1,26,4,5.00003594872,M.USER.APP.4,2481.00003594872,2696154,0
115,LINK,52,1,6,4.0000561944,M.USER.APP.6,2496,4214580,0
115,LINK,1,26,6,5.0000561944,M.USER.APP.6,2500.0000561944,4214580,0
116,LINK,54,1,8,4.000044695933333,M.USER.APP.8,2552,3352195,0
116,LINK,1,26,8,5.000044695933333,M.USER.APP.8,2556.0000446959334,3352195,0
117,LINK,2,0,8,5.000044695933333,M.USER.APP.8,2586,3352195,0
117,LINK,0,1,8,6.000044695933333,M.USER.APP.8,2591.0000446959334,3352195,0
118,LINK,56,4,3,5.0000249484533335,M.USER.APP.3,2594,1871134,1
117,LINK,1,26,8,5.000044695933333,M.USER.APP.8,2597.000089391867,3352195,1
118,LINK,4,3,3,4.0000249484533335,M.USER.APP.3,2599.0000249484533,1871134,1
118,LINK,3,25,3,4.0000249484533335,M.USER.APP.3,2603.0000498969066,1871134,0
119,LINK,54,0,1,2.0000574767733332,M.USER.APP.1,2610,4310758,0
119,LINK,0,14,1,2.0000574767733332,M.USER.APP.1,2612.0000574767732,4310758,0
120,LINK,49,1,7,4.000049389533333,M.USER.APP.7,2616,3704215,0
121,LINK,2,0,9,5.000025084853333,M.USER.APP.9,2643,1881364,0
121,LINK,0,1,9,6.000025084853333,M.USER.APP.9,2648.0000250848534,1881364,0
122,LINK,54,1,8,4.000044695933333,M.USER.APP.8,2659,3352195,0
123,LINK,40,0,7,5.000049389533333,M.USER.APP.7,2662,3704215,1
124,LINK,39,3,5,2.00004648164,M.USER.APP.5,2663,3486123,2
122,LINK,1,26,8,5.000044695933333,M.USER.APP.8,2663.0000446959334,3352195,2
124,LINK,3,34,5,4.00004648164,M.USER.APP.5,2665.00004648164,3486123,2
123,LINK,0,1,7,6.000049389533333,M.USER.APP.7,2667.000049389533,3704215,2
125,LINK,39,3,4,2.00003594872,M.USER.APP.4,2694,2696154,0
126,LINK,53,1,2,3.000033584466667,M.USER.APP.2,2694,2518835,1
125,LINK,3,1,4,5.00003594872,M.USER.APP.4,2696.00003594872,2696154,1
127,LINK,46,3,1,4.000057476773334,M.USER.APP.1,2697,4310758,2
126,LINK,1,0,2,6.000033584466666,M.USER.APP.2,2697.0000335844666,2518835,2
127,LINK,3,0,1,4.000057476773334,M.USER.APP.1,2701.0000574767732,4310758,2
125,LINK,1,26,4,5.00003594872,M.USER.APP.4,2701.0000718974397,2696154,2
126,LINK,0,14,2,2.000033584466667,M.USER.APP.2,2703.000067168933,2518835,2
127,LINK,0,14,1,2.0000574767733332,M.USER.APP.1,2705.0001149535465,4310758,1
128,LINK,45,1,0,4.000053603013333,M.USER.APP.0,2707,4020226,1
128,LINK,1,0,0,6.000053603013333,M.USER.APP.0,2711.0000536030134,4020226,0
128,LINK,0,14,0,2.0000536030133333,M.USER.APP.0,2717.0001072060268,4020226,0
129,LINK,54,1,9,4.000025084853333,M.USER.APP.9,2728,1881364,0
130,LINK,52,0,0,2.0000536030133333,M.USER.APP.0,2748,4020226,0
130,LINK,0,14,0,2.0000536030133333,M.USER.APP.0,2750.0000536030134,4020226,0
131,LINK,52,1,8,4.000044695933333,M.USER.APP.8,2785,3352195,0
131,LINK,1,26,8,5.000044695933333,M.USER.APP.8,2789.0000446959334,3352195,0
132,LINK,45,1,1,4.000057476773334,M.USER.APP.1,2793,4310758,1
132,LINK,1,0,1,6.000057476773334,M.USER.APP.1,2797.0000574767732,4310758,0
132,LINK,0,14,1,2.0000574767733332,M.USER.APP.1,2803.0001149535465,4310758,0
133,LINK,14,0,8,2.000044695933333,M.USER.APP.8,2839,3352195,0
133,LINK,0,1,8,6.000044695933333,M.USER.APP.8,2841.0000446959334,3352195,0
133,LINK,1,26,8,5.000044695933333,M.USER.APP.8,2847.000089391867,3352195,0
134,LINK,52,1,6,4.0000561944,M.USER.APP.6,2861,4214580,0
134,LINK,1,26,6,5.0000561944,M.USER.APP.6,2865.0000561944,4214580,0
135,LINK,2,0,4,5.00003594872,M.USER.APP.4,2908,2696154,0
135,LINK,0,1,4,6.00003594872,M.USER.APP.4,2913.00003594872,2696154,0
136,LINK,52,1,4,4.00003594872,M.USER.APP.4,2918,2696154,1
135,LINK,1,26,4,5.00003594872,M.USER.APP.4,2919.0000718974397,2696154,1
136,LINK,1,26,4,5.00003594872,M.USER.APP.4,2922.00003594872,2696154,1
137,LINK,34,3,1,4.000057476773334,M.USER.APP.1,2944,4310758,0
137,LINK,3,0,1,4.000057476773334,M.USER.APP.1,2948.0000574767732,4310758,0
138,LINK,39,3,5,2.00004648164,M.USER.APP.5,2949,3486123,1
138,LINK,3,34,5,4.00004648164,M.USER.APP.5,2951.00004648164,3486123,1
137,LINK,0,14,1,2.0000574767733332,M.USER.APP.1,2952.0001149535465,4310758,1
139,LINK,39,3,4,2.00003594872,M.USER.APP.4,2984,2696154,0
139,LINK,3,1,4,5.00003594872,M.USER.APP.4,2986.00003594872,2696154,0
139,LINK,1,26,4,5.00003594872,M.USER.APP.4,2991.0000718974397,2696154,0
140,LINK,49,1,7,4.000049389533333,M.USER.APP.7,2999,3704215,0
141,LINK,54,1,8,4.000044695933333,M.USER.APP.8,3008,3352195,0
141,LINK,1,26,8,5.000044695933333,M.USER.APP.8,3012.0000446959334,3352195,0
142,LINK,2,0,9,5.000025084853333,M.USER.APP.9,3030,1881364,0
142,LINK,0,1,9,6.000025084853333,M.USER.APP.9,3035.0000250848534,1881364,0
143,LINK,52,1,4,4.00003594872,M.USER.APP.4,3041,2696154,1
144,LINK,52,0,0,2.0000536030133333,M.USER.APP.0,3043,4020226,1
143,LINK,1,26,4,5.00003594872,M.USER.APP.4,3045.00003594872,2696154,1
144,LINK,0,14,0,2.0000536030133333,M.USER.APP.0,3045.0000536030134,4020226,1
145,LINK,40,0,7,5.000049389533333,M.USER.APP.7,3052,3704215,0
145,LINK,0,1,7,6.000049389533333,M.USER.APP.7,3057.000049389533,3704215,0
146,LINK,49,1,4,4.00003594872,M.USER.APP.4,3073,2696154,0
146,LINK,1,26,4,5.00003594872,M.USER.APP.4,3077.00003594872,2696154,0
147,LINK,46,3,4,4.00003594872,M.USER.APP.4,3079,2696154,1
147,LINK,3,1,4,5.00003594872,M.USER.APP.4,3083.00003594872,2696154,0
148,LINK,52,1,8,4.000044695933333,M.USER.APP.8,3084,3352195,1
149,LINK,53,1,5,3.00004648164,M.USER.APP.5,3087,3486123,2
148,LINK,1,26,8,5.000044695933333,M.USER.APP.8,3088.0000446959334,3352195,2
147,LINK,1,26,4,5.00003594872,M.USER.APP.4,3088.0000718974397,2696154,2
149,LINK,1,3,5,5.00004648164,M.USER.APP.5,3090.00004648164,3486123,2
149,LINK,3,34,5,4.00004648164,M.USER.APP.5,3095.0000929632797,3486123,1
150,LINK,45,1,0,4.000053603013333,M.USER.APP.0,3103,4020226,0
150,LINK,1,0,0,6.000053603013333,M.USER.APP.0,3107.0000536030134,4020226,0
150,LINK,0,14,0,2.0000536030133333,M.USER.APP.0,3113.0001072060268,4020226,0
151,LINK,54,1,8,4.000044695933333,M.USER.APP.8,3175,3352195,0
151,LINK,1,26,8,5.000044695933333,M.USER.APP.8,3179.0000446959334,3352195,0
152,LINK,2,0,4,5.00003594872,M.USER.APP.4,3221,2696154,0
152,LINK,0,1,4,6.00003594872,M.USER.APP.4,3226.00003594872,2696154,0
152,LINK,1,26,4,5.00003594872,M.USER.APP.4,3232.0000718974397,2696154,0
153,LINK,14,0,8,2.000044695933333,M.USER.APP.8,3255,3352195,0
153,LINK,0,1,8,6.000044695933333,M.USER.APP.8,3257.0000446959334,3352195,0
153,LINK,1,26,8,5.000044695933333,M.USER.APP.8,3263.000089391867,3352195,0
154,LINK,56,4,3,5.0000249484533335,M.USER.APP.3,3280,1871134,0
154,LINK,4,3,3,4.0000249484533335,M.USER.APP.3,3285.0000249484533,1871134,0
154,LINK,3,25,3,4.0000249484533335,M.USER.APP.3,3289.0000498969066,1871134,0
155,LINK,46,3,1,4.000057476773334,M.USER.APP.1,3346,4310758,0
155,LINK,3,0,1,4.000057476773334,M.USER.APP.1,3350.0000574767732,4310758,0
155,LINK,0,14,1,2.0000574767733332,M.USER.APP.1,3354.0001149535465,4310758,0
156,LINK,54,1,8,4.000044695933333,M.USER.APP.8,3362,3352195,0
156,LINK,1,26,8,5.000044695933333,M.USER.APP.8,3366.0000446959334,3352195,0
157,LINK,34,3,1,4.000057476773334,M.USER.APP.1,3375,4310758,0
157,LINK,3,0,1,4.000057476773334,M.USER.APP.1,3379.0000574767732,4310758,0
157,LINK,0,14,1,2.0000574767733332,M.USER.APP.1,3383.0001149535465,4310758,0
158,LINK,54,0,0,2.0000536030133333,M.USER.APP.0,3387,4020226,0
158,LINK,0,14,0,2.0000536030133333,M.USER.APP.0,3389.0000536030134,4020226,0
159,LINK,49,1,4,4.00003594872,M.USER.APP.4,3403,2696154,0
159,LINK,1,26,4,5.00003594872,M.USER.APP.4,3407.00003594872,2696154,0
160,LINK,52,1,4,4.00003594872,M.USER.APP.4,3441,2696154,0
160,LINK,1,26,4,5.00003594872,M.USER.APP.4,3445.00003594872,2696154,0
161,LINK,45,1,1,4.000057476773334,M.USER.APP.1,3465,4310758,0
161,LINK,1,0,1,6.000057476773334,M.USER.APP.1,3469.0000574767732,4310758,0
161,LINK,0,14,1,2.0000574767733332,M.USER.APP.1,3475.0001149535465,4310758,0
162,LINK,46,3,4,4.00003594872,M.USER.APP.4,3530,2696154,0
162,LINK,3,1,4,5.00003594872,M.USER.APP.4,3534.00003594872,2696154,0
163,LINK,53,1,5,3.00004648164,M.USER.APP.5,3539,3486123,1
162,LINK,1,26,4,5.00003594872,M.USER.APP.4,3539.0000718974397,2696154,1
163,LINK,1,3,5,5.00004648164,M.USER.APP.5,3542.00004648164,3486123,1
163,LINK,3,34,5,4.00004648164,M.USER.APP.5,3547.0000929632797,3486123,0
164,LINK,52,1,6,4.0000561944,M.USER.APP.6,3550,4214580,1
164,LINK,1,26,6,5.0000561944,M.USER.APP.6,3554.0000561944,4214580,0
165,LINK,2,0,8,5.000044695933333,M.USER.APP.8,3557,3352195,1
165,LINK,0,1,8,6.000044695933333,M.USER.APP.8,3562.0000446959334,3352195,0
165,LINK,1,26,8,5.000044695933333,M.USER.APP.8,3568.000089391867,3352195,0
166,LINK,54,0,1,2.0000574767733332,M.USER.APP.1,3590,4310758,0
166,LINK,0,14,1,2.0000574767733332,M.USER.APP.1,3592.0000574767732,4310758,0
167,LINK,52,1,4,4.00003594872,M.USER.APP.4,3632,2696154,0
167,LINK,1,26,4,5.00003594872,M.USER.APP.4,3636.00003594872,2696154,0
168,LINK,53,1,2,3.000033584466667,M.USER.APP.2,3705,2518835,0
169,LINK,46,3,1,4.000057476773334,M.USER.APP.1,3706,4310758,1
168,LINK,1,0,2,6.000033584466666,M.USER.APP.2,3708.0000335844666,2518835,1
169,LINK,3,0,1,4.000057476773334,M.USER.APP.1,3710.0000574767732,4310758,1
168,LINK,0,14,2,2.000033584466667,M.USER.APP.2,3714.000067168933,2518835,1
169,LINK,0,14,1,2.0000574767733332,M.USER.APP.1,3714.0001149535465,4310758,1
170,LINK,49,1,7,4.000049389533333,M.USER.APP.7,3721,3704215,0
171,LINK,54,1,9,4.000025084853333,M.USER.APP.9,3753,1881364,0
172,LINK,2,0,9,5.000025084853333,M.USER.APP.9,3759,1881364,0
173,LINK,56,4,3,5.0000249484533335,M.USER.APP.3,3760,1871134,1
172,LINK,0,1,9,6.000025084853333,M.USER.APP.9,3764.0000250848534,1881364,1
173,LINK,4,3,3,4.0000249484533335,M.USER.APP.3,3765.0000249484533,1871134,1
173,LINK,3,25,3,4.0000249484533335,M.USER.APP.3,3769.0000498969066,1871134,1
174,LINK,40,0,7,5.000049389533333,M.USER.APP.7,3787,3704215,0
174,LINK,0,1,7,6.000049389533333,M.USER.APP.7,3792.000049389533,3704215,0
175,LINK,45,1,1,4.000057476773334,M.USER.APP.1,3837,4310758,0
175,LINK,1,0,1,6.000057476773334,M.USER.APP.1,3841.0000574767732,4310758,0
176,LINK,52,1,4,4.00003594872,M.USER.APP.4,3846,2696154,1
175,LINK,0,14,1,2.0000574767733332,M.USER.APP.1,3847.0001149535465,4310758,1
177,LINK,45,1,0,4.000053603013333,M.USER.APP.0,3850,4020226,1
176,LINK,1,26,4,5.00003594872,M.USER.APP.4,3850.00003594872,2696154,1
177,LINK,1,0,0,6.000053603013333,M.USER.APP.0,3854.0000536030134,4020226,1
177,LINK,0,14,0,2.0000536030133333,M.USER.APP.0,3860.0001072060268,4020226,0
178,LINK,52,1,6,4.0000561944,M.USER.APP.6,3932,4214580,0
178,LINK,1,26,6,5.0000561944,M.USER.APP.6,3936.0000561944,4214580,0
179,LINK,54,1,8,4.000044695933333,M.USER.APP.8,3941,3352195,1
179,LINK,1,26,8,5.000044695933333,M.USER.APP.8,3945.0000446959334,3352195,0
180,LINK,54,1,8,4.000044695933333,M.USER.APP.8,3957,3352195,0
180,LINK,1,26,8,5.000044695933333,M.USER.APP.8,3961.0000446959334,3352195,0
181,LINK,54,1,8,4.000044695933333,M.USER.APP.8,3977,3352195,0
182,LINK,54,1,8,4.000044695933333,M.USER.APP.8,3981,3352195,1
181,LINK,1,26,8,5.000044695933333,M.USER.APP.8,3981.0000446959334,3352195,1
182,LINK,1,26,8,5.000044695933333,M.USER.APP.8,3985.000089391867,3352195,1
183,LINK,14,0,8,2.000044695933333,M.USER.APP.8,4038,3352195,0
183,LINK,0,1,8,6.000044695933333,M.USER.APP.8,4040.0000446959334,3352195,0
183,LINK,1,26,8,5.000044695933333,M.USER.APP.8,4046.000089391867,3352195,0
184,LINK,39,3,5,2.00004648164,M.USER.APP.5,4056,3486123,0
184,LINK,3,34,5,4.00004648164,M.USER.APP.5,4058.00004648164,3486123,0
185,LINK,39,3,4,2.00003594872,M.USER.APP.4,4104,2696154,0
185,LINK,3,1,4,5.00003594872,M.USER.APP.4,4106.00003594872,2696154,0
185,LINK,1,26,4,5.00003594872,M.USER.APP.4,4111.000071897441,2696154,0
186,LINK,49,1,7,4.000049389533333,M.USER.APP.7,4121,3704215,0
187,LINK,2,0,9,5.000025084853333,M.USER.APP.9,4163,1881364,0
187,LINK,0,1,9,6.000025084853333,M.USER.APP.9,4168.000025084853,1881364,0
188,LINK,52,0,0,2.0000536030133333,M.USER.APP.0,4185,4020226,0
189,LINK,34,3,1,4.000057476773334,M.USER.APP.1,4187,4310758,1
188,LINK,0,14,0,2.0000536030133333,M.USER.APP.0,4187.000053603013,4020226,1
189,LINK,3,0,1,4.000057476773334,M.USER.APP.1,4191.000057476774,4310758,0
190,LINK,40,0,7,5.000049389533333,M.USER.APP.7,4194,3704215,1
189,LINK,0,14,1,2.0000574767733332,M.USER.APP.1,4195.000114953547,4310758,1
190,LINK,0,1,7,6.000049389533333,M.USER.APP.7,4199.000049389533,3704215,0
191,LINK,52,1,8,4.000044695933333,M.USER.APP.8,4242,3352195,0
191,LINK,1,26,8,5.000044695933333,M.USER.APP.8,4246.000044695933,3352195,0
192,LINK,45,1,0,4.000053603013333,M.USER.APP.0,4264,4020226,0
192,LINK,1,0,0,6.000053603013333,M.USER.APP.0,4268.000053603013,4020226,0
192,LINK,0,14,0,2.0000536030133333,M.USER.APP.0,4274.000107206026,4020226,0
193,LINK,54,1,8,4.000044695933333,M.USER.APP.8,4379,3352195,0
194,LINK,46,3,4,4.00003594872,M.USER.APP.4,4380,2696154,1
193,LINK,1,26,8,5.000044695933333,M.USER.APP.8,4383.000044695933,3352195,1
194,LINK,3,1,4,5.00003594872,M.USER.APP.4,4384.00003594872,2696154,1
194,LINK,1,26,4,5.00003594872,M.USER.APP.4,4389.000071897441,2696154,0
195,LINK,53,1,5,3.00004648164,M.USER.APP.5,4391,3486123,1
195,LINK,1,3,5,5.00004648164,M.USER.APP.5,4394.00004648164,3486123,1
195,LINK,3,34,5,4.00004648164,M.USER.APP.5,4399.000092963281,3486123,0
196,LINK,2,0,4,5.00003594872,M.USER.APP.4,4430,2696154,0
196,LINK,0,1,4,6.00003594872,M.USER.APP.4,4435.00003594872,2696154,0
196,LINK,1,26,4,5.00003594872,M.USER.APP.4,4441.000071897441,2696154,0
197,LINK,14,0,8,2.000044695933333,M.USER.APP.8,4472,3352195,0
197,LINK,0,1,8,6.000044695933333,M.USER.APP.8,4474.000044695933,3352195,0
197,LINK,1,26,8,5.000044695933333,M.USER.APP.8,4480.000089391866,3352195,0
198,LINK,52,1,4,4.00003594872,M.USER.APP.4,4508,2696154,0
198,LINK,1,26,4,5.00003594872,M.USER.APP.4,4512.00003594872,2696154,0
199,LINK,52,1,4,4.00003594872,M.USER.APP.4,4526,2696154,0
199,LINK,1,26,4,5.00003594872,M.USER.APP.4,4530.00003594872,2696154,0
200,LINK,52,1,4,4.00003594872,M.USER.APP.4,4549,2696154,0
200,LINK,1,26,4,5.00003594872,M.USER.APP.4,4553.00003594872,2696154,0
201,LINK,52,1,4,4.00003594872,M.USER.APP.4,4554,2696154,1
201,LINK,1,26,4,5.00003594872,M.USER.APP.4,4558.00003594872,2696154,1
202,LINK,34,3,1,4.000057476773334,M.USER.APP.1,4637,4310758,0
202,LINK,3,0,1,4.000057476773334,M.USER.APP.1,4641.000057476774,4310758,0
202,LINK,0,14,1,2.0000574767733332,M.USER.APP.1,4645.000114953547,4310758,0
203,LINK,56,4,3,5.0000249484533335,M.USER.APP.3,4665,1871134,0
203,LINK,4,3,3,4.0000249484533335,M.USER.APP.3,4670.000024948454,1871134,0
203,LINK,3,25,3,4.0000249484533335,M.USER.APP.3,4674.0000498969075,1871134,0
204,LINK,49,1,4,4.00003594872,M.USER.APP.4,4681,2696154,0
204,LINK,1,26,4,5.00003594872,M.USER.APP.4,4685.00003594872,2696154,0
205,LINK,54,1,8,4.000044695933333,M.USER.APP.8,4714,3352195,0
205,LINK,1,26,8,5.000044695933333,M.USER.APP.8,4718.000044695933,3352195,0
206,LINK,54,0,0,2.0000536030133333,M.USER.APP.0,4766,4020226,0
206,LINK,0,14,0,2.0000536030133333,M.USER.APP.0,4768.000053603013,4020226,0
207,LINK,46,3,4,4.00003594872,M.USER.APP.4,4851,2696154,0
207,LINK,3,1,4,5.00003594872,M.USER.APP.4,4855.00003594872,2696154,0
207,LINK,1,26,4,5.00003594872,M.USER.APP.4,4860.000071897441,2696154,0
208,LINK,53,1,5,3.00004648164,M.USER.APP.5,4863,3486123,1
208,LINK,1,3,5,5.00004648164,M.USER.APP.5,4866.00004648164,3486123,0
208,LINK,3,34,5,4.00004648164,M.USER.APP.5,4871.000092963281,3486123,0
209,LINK,54,0,0,2.0000536030133333,M.USER.APP.0,4967,4020226,0
209,LINK,0,14,0,2.0000536030133333,M.USER.APP.0,4969.000053603013,4020226,0
210,LINK,2,0,8,5.000044695933333,M.USER.APP.8,5005,3352195,0
211,LINK,52,1,4,4.00003594872,M.USER.APP.4,5009,2696154,1
210,LINK,0,1,8,6.000044695933333,M.USER.APP.8,5010.000044695933,3352195,1
211,LINK,1,26,4,5.00003594872,M.USER.APP.4,5013.00003594872,2696154,1
210,LINK,1,26,8,5.000044695933333,M.USER.APP.8,5016.000089391866,3352195,1
212,LINK,54,0,1,2.0000574767733332,M.USER.APP.1,5051,4310758,0
212,LINK,0,14,1,2.0000574767733332,M.USER.APP.1,5053.000057476774,4310758,0
213,LINK,46,3,1,4.000057476773334,M.USER.APP.1,5097,4310758,0
213,LINK,3,0,1,4.000057476773334,M.USER.APP.1,5101.000057476774,4310758,0
213,LINK,0,14,1,2.0000574767733332,M.USER.APP.1,5105.000114953547,4310758,0
214,LINK,56,4,3,5.0000249484533335,M.USER.APP.3,5166,1871134,0
215,LINK,54,1,8,4.000044695933333,M.USER.APP.8,5168,3352195,1
214,LINK,4,3,3,4.0000249484533335,M.USER.APP.3,5171.000024948454,1871134,1
215,LINK,1,26,8,5.000044695933333,M.USER.APP.8,5172.000044695933,3352195,1
214,LINK,3,25,3,4.0000249484533335,M.USER.APP.3,5175.0000498969075,1871134,1
216,LINK,53,1,2,3.000033584466667,M.USER.APP.2,5213,2518835,0
217,LINK,2,0,8,5.000044695933333,M.USER.APP.8,5216,3352195,1
216,LINK,1,0,2,6.000033584466666,M.USER.APP.2,5216.000033584467,2518835,1
217,LINK,0,1,8,6.000044695933333,M.USER.APP.8,5221.000044695933,3352195,1
216,LINK,0,14,2,2.000033584466667,M.USER.APP.2,5222.000067168934,2518835,1
217,LINK,1,26,8,5.000044695933333,M.USER.APP.8,5227.000089391866,3352195,0
218,LINK,54,0,1,2.0000574767733332,M.USER.APP.1,5264,4310758,0
218,LINK,0,14,1,2.0000574767733332,M.USER.APP.1,5266.000057476774,4310758,0
219,LINK,45,1,1,4.000057476773334,M.USER.APP.1,5277,4310758,0
220,LINK,54,1,9,4.000025084853333,M.USER.APP.9,5281,1881364,1
219,LINK,1,0,1,6.000057476773334,M.USER.APP.1,5281.000057476774,4310758,1
219,LINK,0,14,1,2.0000574767733332,M.USER.APP.1,5287.000114953547,4310758,0
221,LINK,52,1,4,4.00003594872,M.USER.APP.4,5392,2696154,0
221,LINK,1,26,4,5.00003594872,M.USER.APP.4,5396.00003594872,2696154,0
222,LINK,52,1,6,4.0000561944,M.USER.APP.6,5408,4214580,0
222,LINK,1,26,6,5.0000561944,M.USER.APP.6,5412.0000561944,4214580,0
223,LINK,53,1,2,3.000033584466667,M.USER.APP.2,5433,2518835,0
223,LINK,1,0,2,6.000033584466666,M.USER.APP.2,5436.000033584467,2518835,0
223,LINK,0,14,2,2.000033584466667,M.USER.APP.2,5442.000067168934,2518835,0
224,LINK,54,1,9,4.000025084853333,M.USER.APP.9,5503,1881364,0
225,LINK,54,0,0,2.0000536030133333,M.USER.APP.0,5619,4020226,0
225,LINK,0,14,0,2.0000536030133333,M.USER.APP.0,5621.000053603013,4020226,0
226,LINK,49,1,7,4.000049389533333,M.USER.APP.7,5668,3704215,0
227,LINK,39,3,5,2.00004648164,M.USER.APP.5,5706,3486123,0
227,LINK,3,34,5,4.00004648164,M.USER.APP.5,5708.00004648164,3486123,0
228,LINK,2,0,9,5.000025084853333,M.USER.APP.9,5726,1881364,0
228,LINK,0,1,9,6.000025084853333,M.USER.APP.9,5731.000025084853,1881364,0
229,LINK,40,0,7,5.000049389533333,M.USER.APP.7,5768,3704215,0
229,LINK,0,1,7,6.000049389533333,M.USER.APP.7,5773.000049389533,3704215,0
230,LINK,39,3,4,2.00003594872,M.USER.APP.4,5774,2696154,1
230,LINK,3,1,4,5.00003594872,M.USER.APP.4,5776.00003594872,2696154,1
230,LINK,1,26,4,5.00003594872,M.USER.APP.4,5781.000071897441,2696154,0
231,LINK,45,1,0,4.000053603013333,M.USER.APP.0,5864,4020226,0
231,LINK,1,0,0,6.000053603013333,M.USER.APP.0,5868.000053603013,4020226,0
231,LINK,0,14,0,2.0000536030133333,M.USER.APP.0,5874.000107206026,4020226,0
232,LINK,52,0,0,2.0000536030133333,M.USER.APP.0,5888,4020226,0
232,LINK,0,14,0,2.0000536030133333,M.USER.APP.0,5890.000053603013,4020226,0
233,LINK,2,0,8,5.000044695933333,M.USER.APP.8,5901,3352195,0
233,LINK,0,1,8,6.000044695933333,M.USER.APP.8,5906.000044695933,3352195,0
234,LINK,52,1,4,4.00003594872,M.USER.APP.4,5912,2696154,1
233,LINK,1,26,8,5.000044695933333,M.USER.APP.8,5912.000089391866,3352195,1
234,LINK,1,26,4,5.00003594872,M.USER.APP.4,5916.00003594872,2696154,1
235,LINK,54,0,0,2.0000536030133333,M.USER.APP.0,5932,4020226,0
235,LINK,0,14,0,2.0000536030133333,M.USER.APP.0,5934.000053603013,4020226,0
236,LINK,39,3,5,2.00004648164,M.USER.APP.5,5946,3486123,0
236,LINK,3,34,5,4.00004648164,M.USER.APP.5,5948.00004648164,3486123,0
237,LINK,54,0,1,2.0000574767733332,M.USER.APP.1,5955,4310758,0
237,LINK,0,14,1,2.0000574767733332,M.USER.APP.1,5957.000057476774,4310758,0
238,LINK,52,1,8,4.000044695933333,M.USER.APP.8,5969,3352195,0
238,LINK,1,26,8,5.000044695933333,M.USER.APP.8,5973.000044695933,3352195,0
239,LINK,39,3,4,2.00003594872,M.USER.APP.4,6017,2696154,0
239,LINK,3,1,4,5.00003594872,M.USER.APP.4,6019.00003594872,2696154,0
239,LINK,1,26,4,5.00003594872,M.USER.APP.4,6024.000071897441,2696154,0
240,LINK,54,1,8,4.000044695933333,M.USER.APP.8,6025,3352195,1
240,LINK,1,26,8,5.000044695933333,M.USER.APP.8,6029.000044695933,3352195,1
241,LINK,52,0,0,2.0000536030133333,M.USER.APP.0,6136,4020226,0
241,LINK,0,14,0,2.0000536030133333,M.USER.APP.0,6138.000053603013,4020226,0
242,LINK,53,1,2,3.000033584466667,M.USER.APP.2,6146,2518835,0
242,LINK,1,0,2,6.000033584466666,M.USER.APP.2,6149.000033584467,2518835,0
243,LINK,14,0,8,2.000044695933333,M.USER.APP.8,6150,3352195,1
243,LINK,0,1,8,6.000044695933333,M.USER.APP.8,6152.000044695933,3352195,1
242,LINK,0,14,2,2.000033584466667,M.USER.APP.2,6155.000067168934,2518835,1
243,LINK,1,26,8,5.000044695933333,M.USER.APP.8,6158.000089391866,3352195,0
244,LINK,52,1,8,4.000044695933333,M.USER.APP.8,6220,3352195,0
244,LINK,1,26,8,5.000044695933333,M.USER.APP.8,6224.000044695933,3352195,0
245,LINK,54,1,9,4.000025084853333,M.USER.APP.9,6226,1881364,1
246,LINK,2,0,8,5.000044695933333,M.USER.APP.8,6229,3352195,2
247,LINK,2,0,4,5.00003594872,M.USER.APP.4,6233,2696154,1
246,LINK,0,1,8,6.000044695933333,M.USER.APP.8,6234.000044695933,3352195,1
247,LINK,0,1,4,6.00003594872,M.USER.APP.4,6239.000080644653,2696154,1
246,LINK,1,26,8,5.000044695933333,M.USER.APP.8,6240.000089391866,3352195,1
247,LINK,1,26,4,5.00003594872,M.USER.APP.4,6246.000125340586,2696154,0
248,LINK,54,0,0,2.0000536030133333,M.USER.APP.0,6281,4020226,0
248,LINK,0,14,0,2.0000536030133333,M.USER.APP.0,6283.000053603013,4020226,0
249,LINK,54,0,1,2.0000574767733332,M.USER.APP.1,6286,4310758,0
249,LINK,0,14,1,2.0000574767733332,M.USER.APP.1,6288.000057476774,4310758,0
250,LINK,34,3,1,4.000057476773334,M.USER.APP.1,6378,4310758,0
251,LINK,54,1,8,4.000044695933333,M.USER.APP.8,6382,3352195,1
250,LINK,3,0,1,4.000057476773334,M.USER.APP.1,6382.000057476774,4310758,1
251,LINK,1,26,8,5.000044695933333,M.USER.APP.8,6386.000044695933,3352195,1
250,LINK,0,14,1,2.0000574767733332,M.USER.APP.1,6386.000114953547,4310758,1
252,LINK,53,1,2,3.000033584466667,M.USER.APP.2,6488,2518835,0
252,LINK,1,0,2,6.000033584466666,M.USER.APP.2,6491.000033584467,2518835,0
253,LINK,2,0,4,5.00003594872,M.USER.APP.4,6496,2696154,1
252,LINK,0,14,2,2.000033584466667,M.USER.APP.2,6497.000067168934,2518835,1
253,LINK,0,1,4,6.00003594872,M.USER.APP.4,6501.00003594872,2696154,0
253,LINK,1,26,4,5.00003594872,M.USER.APP.4,6507.000071897441,2696154,0
254,LINK,54,1,8,4.000044695933333,M.USER.APP.8,6520,3352195,0
254,LINK,1,26,8,5.000044695933333,M.USER.APP.8,6524.000044695933,3352195,0
255,LINK,54,1,9,4.000025084853333,M.USER.APP.9,6572,1881364,0
256,LINK,49,1,4,4.00003594872,M.USER.APP.4,6587,2696154,0
256,LINK,1,26,4,5.00003594872,M.USER.APP.4,6591.00003594872,2696154,0
257,LINK,2,0,8,5.000044695933333,M.USER.APP.8,6595,3352195,1
257,LINK,0,1,8,6.000044695933333,M.USER.APP.8,6600.000044695933,3352195,0
257,LINK,1,26,8,5.000044695933333,M.USER.APP.8,6606.000089391866,3352195,0
258,LINK,54,0,1,2.0000574767733332,M.USER.APP.1,6656,4310758,0
258,LINK,0,14,1,2.0000574767733332,M.USER.APP.1,6658.000057476774,4310758,0
259,LINK,46,3,4,4.00003594872,M.USER.APP.4,6672,2696154,0
259,LINK,3,1,4,5.00003594872,M.USER.APP.4,6676.00003594872,2696154,0
259,LINK,1,26,4,5.00003594872,M.USER.APP.4,6681.000071897441,2696154,0
260,LINK,53,1,5,3.00004648164,M.USER.APP.5,6688,3486123,0
260,LINK,1,3,5,5.00004648164,M.USER.APP.5,6691.00004648164,3486123,0
260,LINK,3,34,5,4.00004648164,M.USER.APP.5,6696.000092963281,3486123,0
261,LINK,39,3,5,2.00004648164,M.USER.APP.5,6727,3486123,0
261,LINK,3,34,5,4.00004648164,M.USER.APP.5,6729.00004648164,3486123,0
262,LINK,39,3,4,2.00003594872,M.USER.APP.4,6807,2696154,0
262,LINK,3,1,4,5.00003594872,M.USER.APP.4,6809.00003594872,2696154,0
262,LINK,1,26,4,5.00003594872,M.USER.APP.4,6814.000071897441,2696154,0
263,LINK,54,1,8,4.000044695933333,M.USER.APP.8,6858,3352195,0
263,LINK,1,26,8,5.000044695933333,M.USER.APP.8,6862.000044695933,3352195,0
264,LINK,49,1,4,4.00003594872,M.USER.APP.4,6865,2696154,1
265,LINK,53,1,2,3.000033584466667,M.USER.APP.2,6869,2518835,1
264,LINK,1,26,4,5.00003594872,M.USER.APP.4,6869.00003594872,2696154,1
265,LINK,1,0,2,6.000033584466666,M.USER.APP.2,6872.000033584467,2518835,1
265,LINK,0,14,2,2.000033584466667,M.USER.APP.2,6878.000067168934,2518835,0
266,LINK,54,1,8,4.000044695933333,M.USER.APP.8,6886,3352195,0
266,LINK,1,26,8,5.000044695933333,M.USER.APP.8,6890.000044695933,3352195,0
267,LINK,52,1,4,4.00003594872,M.USER.APP.4,6892,2696154,1
267,LINK,1,26,4,5.00003594872,M.USER.APP.4,6896.00003594872,2696154,0
268,LINK,52,0,0,2.0000536030133333,M.USER.APP.0,6942,4020226,0
268,LINK,0,14,0,2.0000536030133333,M.USER.APP.0,6944.000053603013,4020226,0
269,LINK,54,1,9,4.000025084853333,M.USER.APP.9,6958,1881364,0
270,LINK,52,1,8,4.000044695933333,M.USER.APP.8,7037,3352195,0
270,LINK,1,26,8,5.000044695933333,M.USER.APP.8,7041.000044695933,3352195,0
271,LINK,39,3,5,2.00004648164,M.USER.APP.5,7101,3486123,0
271,LINK,3,34,5,4.00004648164,M.USER.APP.5,7103.00004648164,3486123,0
272,LINK,56,4,3,5.0000249484533335,M.USER.APP.3,7104,1871134,1
272,LINK,4,3,3,4.0000249484533335,M.USER.APP.3,7109.000024948454,1871134,0
273,LINK,54,1,8,4.000044695933333,M.USER.APP.8,7113,3352195,1
272,LINK,3,25,3,4.0000249484533335,M.USER.APP.3,7113.0000498969075,1871134,1
273,LINK,1,26,8,5.000044695933333,M.USER.APP.8,7117.000044695933,3352195,1
274,LINK,54,1,8,4.000044695933333,M.USER.APP.8,7147,3352195,0
274,LINK,1,26,8,5.000044695933333,M.USER.APP.8,7151.000044695933,3352195,0
275,LINK,46,3,1,4.000057476773334,M.USER.APP.1,7172,4310758,0
275,LINK,3,0,1,4.000057476773334,M.USER.APP.1,7176.000057476774,4310758,0
275,LINK,0,14,1,2.0000574767733332,M.USER.APP.1,7180.000114953547,4310758,0
276,LINK,39,3,4,2.00003594872,M.USER.APP.4,7186,2696154,0
276,LINK,3,1,4,5.00003594872,M.USER.APP.4,7188.00003594872,2696154,0
276,LINK,1,26,4,5.00003594872,M.USER.APP.4,7193.000071897441,2696154,0
277,LINK,52,1,4,4.00003594872,M.USER.APP.4,7301,2696154,0
277,LINK,1,26,4,5.00003594872,M.USER.APP.4,7305.00003594872,2696154,0
278,LINK,52,0,0,2.0000536030133333,M.USER.APP.0,7328,4020226,0
278,LINK,0,14,0,2.0000536030133333,M.USER.APP.0,7330.000053603013,4020226,0
279,LINK,2,0,4,5.00003594872,M.USER.APP.4,7349,2696154,0
279,LINK,0,1,4,6.00003594872,M.USER.APP.4,7354.00003594872,2696154,0
279,LINK,1,26,4,5.00003594872,M.USER.APP.4,7360.000071897441,2696154,0
280,LINK,54,0,0,2.0000536030133333,M.USER.APP.0,7361,4020226,1
280,LINK,0,14,0,2.0000536030133333,M.USER.APP.0,7363.000053603013,4020226,1
281,LINK,54,0,0,2.0000536030133333,M.USER.APP.0,7391,4020226,0
281,LINK,0,14,0,2.0000536030133333,M.USER.APP.0,7393.000053603013,4020226,0
282,LINK,45,1,1,4.000057476773334,M.USER.APP.1,7425,4310758,0
283,LINK,54,0,0,2.0000536030133333,M.USER.APP.0,7428,4020226,1
284,LINK,52,1,8,4.000044695933333,M.USER.APP.8,7429,3352195,2
282,LINK,1,0,1,6.000057476773334,M.USER.APP.1,7429.000057476774,4310758,2
283,LINK,0,14,0,2.0000536030133333,M.USER.APP.0,7430.000053603013,4020226,2
284,LINK,1,26,8,5.000044695933333,M.USER.APP.8,7433.000044695933,3352195,1
282,LINK,0,14,1,2.0000574767733332,M.USER.APP.1,7435.000114953547,4310758,1
285,LINK,54,0,0,2.0000536030133333,M.USER.APP.0,7436,4020226,2
285,LINK,0,14,0,2.0000536030133333,M.USER.APP.0,7438.000053603013,4020226,1
286,LINK,52,1,4,4.00003594872,M.USER.APP.4,7458,2696154,0
286,LINK,1,26,4,5.00003594872,M.USER.APP.4,7462.00003594872,2696154,0
287,LINK,46,3,1,4.000057476773334,M.USER.APP.1,7474,4310758,0
287,LINK,3,0,1,4.000057476773334,M.USER.APP.1,7478.000057476774,4310758,0
287,LINK,0,14,1,2.0000574767733332,M.USER.APP.1,7482.000114953547,4310758,0
288,LINK,39,3,5,2.00004648164,M.USER.APP.5,7519,3486123,0
288,LINK,3,34,5,4.00004648164,M.USER.APP.5,7521.00004648164,3486123,0
289,LINK,52,1,6,4.0000561944,M.USER.APP.6,7609,4214580,0
290,LINK,39,3,4,2.00003594872,M.USER.APP.4,7609,2696154,1
290,LINK,3,1,4,5.00003594872,M.USER.APP.4,7611.00003594872,2696154,1
289,LINK,1,26,6,5.0000561944,M.USER.APP.6,7613.0000561944,4214580,1
290,LINK,1,26,4,5.00003594872,M.USER.APP.4,7616.000071897441,2696154,1
291,LINK,2,0,8,5.000044695933333,M.USER.APP.8,7730,3352195,0
291,LINK,0,1,8,6.000044695933333,M.USER.APP.8,7735.000044695933,3352195,0
292,LINK,45,1,1,4.000057476773334,M.USER.APP.1,7738,4310758,1
291,LINK,1,26,8,5.000044695933333,M.USER.APP.8,7741.000089391866,3352195,1
292,LINK,1,0,1,6.000057476773334,M.USER.APP.1,7742.000057476774,4310758,1
292,LINK,0,14,1,2.0000574767733332,M.USER.APP.1,7748.000114953547,4310758,0
293,LINK,2,0,4,5.00003594872,M.USER.APP.4,7758,2696154,0
294,LINK,52,0,0,2.0000536030133333,M.USER.APP.0,7759,4020226,1
294,LINK,0,14,0,2.0000536030133333,M.USER.APP.0,7761.000053603013,4020226,1
295,LINK,2,0,8,5.000044695933333,M.USER.APP.8,7762,3352195,2
293,LINK,0,1,4,6.00003594872,M.USER.APP.4,7763.00003594872,2696154,2
296,LINK,49,1,4,4.00003594872,M.USER.APP.4,7767,2696154,2
295,LINK,0,1,8,6.000044695933333,M.USER.APP.8,7768.000080644653,3352195,2
293,LINK,1,26,4,5.00003594872,M.USER.APP.4,7769.000071897441,2696154,2
296,LINK,1,26,4,5.00003594872,M.USER.APP.4,7771.00003594872,2696154,2
295,LINK,1,26,8,5.000044695933333,M.USER.APP.8,7775.000116593374,3352195,1
297,LINK,54,1,8,4.000044695933333,M.USER.APP.8,7792,3352195,0
297,LINK,1,26,8,5.000044695933333,M.USER.APP.8,7796.000044695933,3352195,0
298,LINK,54,0,1,2.0000574767733332,M.USER.APP.1,7801,4310758,1
299,LINK,2,0,8,5.000044695933333,M.USER.APP.8,7801,3352195,2
298,LINK,0,14,1,2.0000574767733332,M.USER.APP.1,7803.000057476774,4310758,1
299,LINK,0,1,8,6.000044695933333,M.USER.APP.8,7806.000044695933,3352195,0
300,LINK,2,0,8,5.000044695933333,M.USER.APP.8,7809,3352195,1
299,LINK,1,26,8,5.000044695933333,M.USER.APP.8,7812.000089391866,3352195,1
300,LINK,0,1,8,6.000044695933333,M.USER.APP.8,7814.000044695933,3352195,1
300,LINK,1,26,8,5.000044695933333,M.USER.APP.8,7820.000089391866,3352195,0
301,LINK,54,0,1,2.0000574767733332,M.USER.APP.1,7833,4310758,0
301,LINK,0,14,1,2.0000574767733332,M.USER.APP.1,7835.000057476774,4310758,0
302,LINK,52,1,4,4.00003594872,M.USER.APP.4,7844,2696154,0
302,LINK,1,26,4,5.00003594872,M.USER.APP.4,7848.00003594872,2696154,0
303,LINK,52,1,8,4.000044695933333,M.USER.APP.8,7866,3352195,0
303,LINK,1,26,8,5.000044695933333,M.USER.APP.8,7870.000044695933,3352195,0
304,LINK,54,0,1,2.0000574767733332,M.USER.APP.1,7873,4310758,1
304,LINK,0,14,1,2.0000574767733332,M.USER.APP.1,7875.000057476774,4310758,1
305,LINK,52,1,4,4.00003594872,M.USER.APP.4,7876,2696154,1
305,LINK,1,26,4,5.00003594872,M.USER.APP.4,7880.00003594872,2696154,0
306,LINK,54,0,1,2.0000574767733332,M.USER.APP.1,7882,4310758,1
306,LINK,0,14,1,2.0000574767733332,M.USER.APP.1,7884.000057476774,4310758,1
307,LINK,52,1,6,4.0000561944,M.USER.APP.6,7930,4214580,0
307,LINK,1,26,6,5.0000561944,M.USER.APP.6,7934.0000561944,4214580,0
308,LINK,54,1,8,4.000044695933333,M.USER.APP.8,7956,3352195,0
308,LINK,1,26,8,5.000044695933333,M.USER.APP.8,7960.000044695933,3352195,0
309,LINK,49,1,7,4.000049389533333,M.USER.APP.7,7975,3704215,0
310,LINK,53,1,2,3.000033584466667,M.USER.APP.2,8051,2518835,0
310,LINK,1,0,2,6.000033584466666,M.USER.APP.2,8054.000033584467,2518835,0
311,LINK,2,0,9,5.000025084853333,M.USER.APP.9,8056,1881364,1
310,LINK,0,14,2,2.000033584466667,M.USER.APP.2,8060.000067168934,2518835,1
311,LINK,0,1,9,6.000025084853333,M.USER.APP.9,8061.000025084853,1881364,1
312,LINK,54,1,8,4.000044695933333,M.USER.APP.8,8075,3352195,0
312,LINK,1,26,8,5.000044695933333,M.USER.APP.8,8079.000044695933,3352195,0
313,LINK,53,1,2,3.000033584466667,M.USER.APP.2,8084,2518835,1
313,LINK,1,0,2,6.000033584466666,M.USER.APP.2,8087.000033584467,2518835,0
313,LINK,0,14,2,2.000033584466667,M.USER.APP.2,8093.000067168934,2518835,0
314,LINK,40,0,7,5.000049389533333,M.USER.APP.7,8114,3704215,0
314,LINK,0,1,7,6.000049389533333,M.USER.APP.7,8119.000049389533,3704215,0
315,LINK,53,1,2,3.000033584466667,M.USER.APP.2,8125,2518835,1
315,LINK,1,0,2,6.000033584466666,M.USER.APP.2,8128.000033584467,2518835,0
316,LINK,53,1,2,3.000033584466667,M.USER.APP.2,8134,2518835,1
315,LINK,0,14,2,2.000033584466667,M.USER.APP.2,8134.000067168934,2518835,1
317,LINK,52,1,4,4.00003594872,M.USER.APP.4,8136,2696154,2
316,LINK,1,0,2,6.000033584466666,M.USER.APP.2,8137.000033584467,2518835,1
317,LINK,1,26,4,5.00003594872,M.USER.APP.4,8140.00003594872,2696154,1
318,LINK,54,1,8,4.000044695933333,M.USER.APP.8,8143,3352195,2
316,LINK,0,14,2,2.000033584466667,M.USER.APP.2,8143.000067168934,2518835,2
318,LINK,1,26,8,5.000044695933333,M.USER.APP.8,8147.000044695933,3352195,0
319,LINK,54,1,9,4.000025084853333,M.USER.APP.9,8155,1881364,0
320,LINK,52,1,4,4.00003594872,M.USER.APP.4,8175,2696154,0
321,LINK,54,0,0,2.0000536030133333,M.USER.APP.0,8179,4020226,1
320,LINK,1,26,4,5.00003594872,M.USER.APP.4,8179.00003594872,2696154,1
321,LINK,0,14,0,2.0000536030133333,M.USER.APP.0,8181.000053603013,4020226,1
322,LINK,54,1,9,4.000025084853333,M.USER.APP.9,8188,1881364,0
323,LINK,49,1,4,4.00003594872,M.USER.APP.4,8199,2696154,0
323,LINK,1,26,4,5.00003594872,M.USER.APP.4,8203.00003594872,2696154,0
324,LINK,2,0,4,5.00003594872,M.USER.APP.4,8214,2696154,0
324,LINK,0,1,4,6.00003594872,M.USER.APP.4,8219.00003594872,2696154,0
324,LINK,1,26,4,5.00003594872,M.USER.APP.4,8225.00007189744,2696154,0
325,LINK,54,1,9,4.000025084853333,M.USER.APP.9,8230,1881364,1
326,LINK,54,1,9,4.000025084853333,M.USER.APP.9,8239,1881364,0
327,LINK,45,1,0,4.000053603013333,M.USER.APP.0,8250,4020226,0
327,LINK,1,0,0,6.000053603013333,M.USER.APP.0,8254.000053603013,4020226,0
327,LINK,0,14,0,2.0000536030133333,M.USER.APP.0,8260.000107206026,4020226,0
328,LINK,49,1,7,4.000049389533333,M.USER.APP.7,8311,3704215,0
329,LINK,2,0,9,5.000025084853333,M.USER.APP.9,8395,1881364,0
329,LINK,0,1,9,6.000025084853333,M.USER.APP.9,8400.000025084853,1881364,0
330,LINK,46,3,1,4.000057476773334,M.USER.APP.1,8456,4310758,0
331,LINK,40,0,7,5.000049389533333,M.USER.APP.7,8456,3704215,1
330,LINK,3,0,1,4.000057476773334,M.USER.APP.1,8460.000057476773,4310758,1
331,LINK,0,1,7,6.000049389533333,M.USER.APP.7,8461.000049389533,3704215,1
330,LINK,0,14,1,2.0000574767733332,M.USER.APP.1,8464.000114953546,4310758,1
332,LINK,54,1,8,4.000044695933333,M.USER.APP.8,8474,3352195,0
332,LINK,1,26,8,5.000044695933333,M.USER.APP.8,8478.000044695933,3352195,0
333,LINK,2,0,8,5.000044695933333,M.USER.APP.8,8590,3352195,0
333,LINK,0,1,8,6.000044695933333,M.USER.APP.8,8595.000044695933,3352195,0
334,LINK,45,1,0,4.000053603013333,M.USER.APP.0,8598,4020226,1
333,LINK,1,26,8,5.000044695933333,M.USER.APP.8,8601.000089391866,3352195,1
334,LINK,1,0,0,6.000053603013333,M.USER.APP.0,8602.000053603013,4020226,1
334,LINK,0,14,0,2.0000536030133333,M.USER.APP.0,8608.000107206026,4020226,0
335,LINK,54,1,8,4.000044695933333,M.USER.APP.8,8609,3352195,1
335,LINK,1,26,8,5.000044695933333,M.USER.APP.8,8613.000044695933,3352195,0
336,LINK,14,0,8,2.000044695933333,M.USER.APP.8,8652,3352195,0
336,LINK,0,1,8,6.000044695933333,M.USER.APP.8,8654.000044695933,3352195,0
336,LINK,1,26,8,5.000044695933333,M.USER.APP.8,8660.000089391866,3352195,0
337,LINK,54,0,1,2.0000574767733332,M.USER.APP.1,8670,4310758,0
337,LINK,0,14,1,2.0000574767733332,M.USER.APP.1,8672.000057476773,4310758,0
338,LINK,49,1,4,4.00003594872,M.USER.APP.4,8681,2696154,0
338,LINK,1,26,4,5.00003594872,M.USER.APP.4,8685.00003594872,2696154,0
339,LINK,45,1,1,4.000057476773334,M.USER.APP.1,8754,4310758,0
339,LINK,1,0,1,6.000057476773334,M.USER.APP.1,8758.000057476773,4310758,0
339,LINK,0,14,1,2.0000574767733332,M.USER.APP.1,8764.000114953546,4310758,0
340,LINK,54,1,8,4.000044695933333,M.USER.APP.8,8796,3352195,0
341,LINK,54,1,8,4.000044695933333,M.USER.APP.8,8800,3352195,1
340,LINK,1,26,8,5.000044695933333,M.USER.APP.8,8800.000044695933,3352195,1
341,LINK,1,26,8,5.000044695933333,M.USER.APP.8,8804.000089391866,3352195,1
342,LINK,54,0,0,2.0000536030133333,M.USER.APP.0,8805,4020226,2
342,LINK,0,14,0,2.0000536030133333,M.USER.APP.0,8807.000053603013,4020226,1
343,LINK,39,3,5,2.00004648164,M.USER.APP.5,8812,3486123,0
343,LINK,3,34,5,4.00004648164,M.USER.APP.5,8814.00004648164,3486123,0
344,LINK,39,3,5,2.00004648164,M.USER.APP.5,8848,3486123,0
344,LINK,3,34,5,4.00004648164,M.USER.APP.5,8850.00004648164,3486123,0
345,LINK,39,3,5,2.00004648164,M.USER.APP.5,8893,3486123,0
345,LINK,3,34,5,4.00004648164,M.USER.APP.5,8895.00004648164,3486123,0
346,LINK,39,3,5,2.00004648164,M.USER.APP.5,8903,3486123,0
346,LINK,3,34,5,4.00004648164,M.USER.APP.5,8905.00004648164,3486123,0
347,LINK,52,1,4,4.00003594872,M.USER.APP.4,8913,2696154,0
347,LINK,1,26,4,5.00003594872,M.USER.APP.4,8917.00003594872,2696154,0
348,LINK,39,3,4,2.00003594872,M.USER.APP.4,8918,2696154,1
348,LINK,3,1,4,5.00003594872,M.USER.APP.4,8920.00003594872,2696154,1
348,LINK,1,26,4,5.00003594872,M.USER.APP.4,8925.00007189744,2696154,0
349,LINK,46,3,1,4.000057476773334,M.USER.APP.1,8927,4310758,1
349,LINK,3,0,1,4.000057476773334,M.USER.APP.1,8931.000057476773,4310758,0
349,LINK,0,14,1,2.0000574767733332,M.USER.APP.1,8935.000114953546,4310758,0
350,LINK,53,1,2,3.000033584466667,M.USER.APP.2,8947,2518835,0
350,LINK,1,0,2,6.000033584466666,M.USER.APP.2,8950.000033584467,2518835,0
351,LINK,39,3,4,2.00003594872,M.USER.APP.4,8955,2696154,1
350,LINK,0,14,2,2.000033584466667,M.USER.APP.2,8956.000067168934,2518835,1
351,LINK,3,1,4,5.00003594872,M.USER.APP.4,8957.00003594872,2696154,1
351,LINK,1,26,4,5.00003594872,M.USER.APP.4,8962.00007189744,2696154,0
352,LINK,52,1,6,4.0000561944,M.USER.APP.6,8971,4214580,0
353,LINK,34,3,1,4.000057476773334,M.USER.APP.1,8973,4310758,1
352,LINK,1,26,6,5.0000561944,M.USER.APP.6,8975.0000561944,4214580,1
353,LINK,3,0,1,4.000057476773334,M.USER.APP.1,8977.000057476773,4310758,1
353,LINK,0,14,1,2.0000574767733332,M.USER.APP.1,8981.000114953546,4310758,0
354,LINK,39,3,4,2.00003594872,M.USER.APP.4,9000,2696154,0
354,LINK,3,1,4,5.00003594872,M.USER.APP.4,9002.00003594872,2696154,0
354,LINK,1,26,4,5.00003594872,M.USER.APP.4,9007.00007189744,2696154,0
355,LINK,39,3,4,2.00003594872,M.USER.APP.4,9010,2696154,1
355,LINK,3,1,4,5.00003594872,M.USER.APP.4,9012.00003594872,2696154,1
356,LINK,54,1,8,4.000044695933333,M.USER.APP.8,9014,3352195,1
357,LINK,14,0,8,2.000044695933333,M.USER.APP.8,9017,3352195,2
355,LINK,1,26,4,5.00003594872,M.USER.APP.4,9017.00007189744,2696154,2
356,LINK,1,26,8,5.000044695933333,M.USER.APP.8,9018.000044695933,3352195,2
357,LINK,0,1,8,6.000044695933333,M.USER.APP.8,9019.000044695933,3352195,2
357,LINK,1,26,8,5.000044695933333,M.USER.APP.8,9025.000089391866,3352195,1
358,LINK,54,1,9,4.000025084853333,M.USER.APP.9,9063,1881364,0
359,LINK,52,0,0,2.0000536030133333,M.USER.APP.0,9094,4020226,0
359,LINK,0,14,0,2.0000536030133333,M.USER.APP.0,9096.000053603013,4020226,0
360,LINK,52,1,4,4.00003594872,M.USER.APP.4,9101,2696154,0
360,LINK,1,26,4,5.00003594872,M.USER.APP.4,9105.00003594872,2696154,0
361,LINK,52,0,0,2.0000536030133333,M.USER.APP.0,9131,4020226,0
361,LINK,0,14,0,2.0000536030133333,M.USER.APP.0,9133.000053603013,4020226,0
362,LINK,52,0,0,2.0000536030133333,M.USER.APP.0,9177,4020226,0
362,LINK,0,14,0,2.0000536030133333,M.USER.APP.0,9179.000053603013,4020226,0
363,LINK,52,0,0,2.0000536030133333,M.USER.APP.0,9187,4020226,0
363,LINK,0,14,0,2.0000536030133333,M.USER.APP.0,9189.000053603013,4020226,0
364,LINK,52,1,8,4.000044695933333,M.USER.APP.8,9219,3352195,0
364,LINK,1,26,8,5.000044695933333,M.USER.APP.8,9223.000044695933,3352195,0
365,LINK,54,1,8,4.000044695933333,M.USER.APP.8,9225,3352195,1
365,LINK,1,26,8,5.000044695933333,M.USER.APP.8,9229.000044695933,3352195,0
366,LINK,52,1,4,4.00003594872,M.USER.APP.4,9237,2696154,0
367,LINK,45,1,1,4.000057476773334,M.USER.APP.1,9241,4310758,1
366,LINK,1,26,4,5.00003594872,M.USER.APP.4,9241.00003594872,2696154,1
367,LINK,1,0,1,6.000057476773334,M.USER.APP.1,9245.000057476773,4310758,1
368,LINK,2,0,8,5.000044695933333,M.USER.APP.8,9248,3352195,1
367,LINK,0,14,1,2.0000574767733332,M.USER.APP.1,9251.000114953546,4310758,1
368,LINK,0,1,8,6.000044695933333,M.USER.APP.8,9253.000044695933,3352195,1
369,LINK,52,1,8,4.000044695933333,M.USER.APP.8,9257,3352195,1
368,LINK,1,26,8,5.000044695933333,M.USER.APP.8,9259.000089391866,3352195,1
369,LINK,1,26,8,5.000044695933333,M.USER.APP.8,9261.000044695933,3352195,1
370,LINK,52,1,8,4.000044695933333,M.USER.APP.8,9304,3352195,0
370,LINK,1,26,8,5.000044695933333,M.USER.APP.8,9308.000044695933,3352195,0
371,LINK,52,1,8,4.000044695933333,M.USER.APP.8,9314,3352195,0
372,LINK,52,1,4,4.00003594872,M.USER.APP.4,9315,2696154,1
371,LINK,1,26,8,5.000044695933333,M.USER.APP.8,9318.000044695933,3352195,1
372,LINK,1,26,4,5.00003594872,M.USER.APP.4,9322.000080644653,2696154,1
373,LINK,54,0,1,2.0000574767733332,M.USER.APP.1,9334,4310758,0
373,LINK,0,14,1,2.0000574767733332,M.USER.APP.1,9336.000057476773,4310758,0
374,LINK,34,3,1,4.000057476773334,M.USER.APP.1,9351,4310758,0
374,LINK,3,0,1,4.000057476773334,M.USER.APP.1,9355.000057476773,4310758,0
374,LINK,0,14,1,2.0000574767733332,M.USER.APP.1,9359.000114953546,4310758,0
375,LINK,46,3,4,4.00003594872,M.USER.APP.4,9386,2696154,0
375,LINK,3,1,4,5.00003594872,M.USER.APP.4,9390.00003594872,2696154,0
375,LINK,1,26,4,5.00003594872,M.USER.APP.4,9395.00007189744,2696154,0
376,LINK,49,1,7,4.000049389533333,M.USER.APP.7,9402,3704215,0
377,LINK,53,1,5,3.00004648164,M.USER.APP.5,9409,3486123,0
377,LINK,1,3,5,5.00004648164,M.USER.APP.5,9412.00004648164,3486123,0
377,LINK,3,34,5,4.00004648164,M.USER.APP.5,9417.00009296328,3486123,0
378,LINK,54,1,8,4.000044695933333,M.USER.APP.8,9438,3352195,0
378,LINK,1,26,8,5.000044695933333,M.USER.APP.8,9442.000044695933,3352195,0
379,LINK,46,3,1,4.000057476773334,M.USER.APP.1,9452,4310758,0
379,LINK,3,0,1,4.000057476773334,M.USER.APP.1,9456.000057476773,4310758,0
379,LINK,0,14,1,2.0000574767733332,M.USER.APP.1,9460.000114953546,4310758,0
380,LINK,52,1,6,4.0000561944,M.USER.APP.6,9470,4214580,0
380,LINK,1,26,6,5.0000561944,M.USER.APP.6,9474.0000561944,4214580,0
381,LINK,2,0,9,5.000025084853333,M.USER.APP.9,9497,1881364,0
381,LINK,0,1,9,6.000025084853333,M.USER.APP.9,9502.000025084853,1881364,0
382,LINK,40,0,7,5.000049389533333,M.USER.APP.7,9566,3704215,0
382,LINK,0,1,7,6.000049389533333,M.USER.APP.7,9571.000049389533,3704215,0
383,LINK,2,0,4,5.00003594872,M.USER.APP.4,9627,2696154,0
384,LINK,53,1,2,3.000033584466667,M.USER.APP.2,9632,2518835,1
383,LINK,0,1,4,6.00003594872,M.USER.APP.4,9632.00003594872,2696154,1
384,LINK,1,0,2,6.000033584466666,M.USER.APP.2,9635.000033584467,2518835,1
383,LINK,1,26,4,5.00003594872,M.USER.APP.4,9638.00007189744,2696154,1
384,LINK,0,14,2,2.000033584466667,M.USER.APP.2,9641.000067168934,2518835,1
385,LINK,54,0,0,2.0000536030133333,M.USER.APP.0,9653,4020226,0
385,LINK,0,14,0,2.0000536030133333,M.USER.APP.0,9655.000053603013,4020226,0
386,LINK,2,0,4,5.00003594872,M.USER.APP.4,9667,2696154,0
386,LINK,0,1,4,6.00003594872,M.USER.APP.4,9672.00003594872,2696154,0
386,LINK,1,26,4,5.00003594872,M.USER.APP.4,9678.00007189744,2696154,0
387,LINK,52,1,4,4.00003594872,M.USER.APP.4,9694,2696154,0
387,LINK,1,26,4,5.00003594872,M.USER.APP.4,9698.00003594872,2696154,0
388,LINK,2,0,4,5.00003594872,M.USER.APP.4,9716,2696154,0
388,LINK,0,1,4,6.00003594872,M.USER.APP.4,9721.00003594872,2696154,0
389,LINK,45,1,0,4.000053603013333,M.USER.APP.0,9727,4020226,1
390,LINK,2,0,4,5.00003594872,M.USER.APP.4,9727,2696154,2
388,LINK,1,26,4,5.00003594872,M.USER.APP.4,9727.00007189744,2696154,2
389,LINK,1,0,0,6.000053603013333,M.USER.APP.0,9731.000053603013,4020226,2
390,LINK,0,1,4,6.00003594872,M.USER.APP.4,9732.00003594872,2696154,2
389,LINK,0,14,0,2.0000536030133333,M.USER.APP.0,9737.000107206026,4020226,1
390,LINK,1,26,4,5.00003594872,M.USER.APP.4,9738.00007189744,2696154,1
391,LINK,54,1,9,4.000025084853333,M.USER.APP.9,9757,1881364,0
392,LINK,46,3,4,4.00003594872,M.USER.APP.4,9782,2696154,0
393,LINK,45,1,1,4.000057476773334,M.USER.APP.1,9784,4310758,1
392,LINK,3,1,4,5.00003594872,M.USER.APP.4,9786.00003594872,2696154,1
393,LINK,1,0,1,6.000057476773334,M.USER.APP.1,9788.000057476773,4310758,1
392,LINK,1,26,4,5.00003594872,M.USER.APP.4,9791.00007189744,2696154,1
394,LINK,39,3,5,2.00004648164,M.USER.APP.5,9793,3486123,2
393,LINK,0,14,1,2.0000574767733332,M.USER.APP.1,9794.000114953546,4310758,2
394,LINK,3,34,5,4.00004648164,M.USER.APP.5,9795.00004648164,3486123,2
395,LINK,53,1,5,3.00004648164,M.USER.APP.5,9806,3486123,0
395,LINK,1,3,5,5.00004648164,M.USER.APP.5,9809.00004648164,3486123,0
395,LINK,3,34,5,4.00004648164,M.USER.APP.5,9814.00009296328,3486123,0
396,LINK,52,1,4,4.00003594872,M.USER.APP.4,9849,2696154,0
396,LINK,1,26,4,5.00003594872,M.USER.APP.4,9853.00003594872,2696154,0
397,LINK,39,3,4,2.00003594872,M.USER.APP.4,9910,2696154,0
397,LINK,3,1,4,5.00003594872,M.USER.APP.4,9912.00003594872,2696154,0
397,LINK,1,26,4,5.00003594872,M.USER.APP.4,9917.00007189744,2696154,0
398,LINK,49,1,7,4.000049389533333,M.USER.APP.7,9925,3704215,0
399,LINK,56,4,3,5.0000249484533335,M.USER.APP.3,9994,1871134,0
399,LINK,4,3,3,4.0000249484533335,M.USER.APP.3,9999.000024948453,1871134,0
